user_id,event_type,event_timestamp,event_date,event_hour,product_id,amount,is_checkout,is_amount_missing,amount_quality_status
U0099,checkout,2023-06-03 04:13:00,2023-06-03,4,P010,,True,True,missing_checkout_amount
U0240,wishlist_add,2023-06-03 05:08:00,2023-06-03,5,P020,2900.63,False,False,non_checkout_amount_present
U0374,profile_update,2023-06-05 06:22:00,2023-06-05,6,P028,,False,True,not_applicable
U0122,page_view,2023-06-06 03:45:00,2023-06-06,3,P001,,False,True,not_applicable
U0211,wishlist_add,2023-06-03 12:38:00,2023-06-03,12,P015,1728.27,False,False,non_checkout_amount_present
U0208,login,2023-06-04 03:13:00,2023-06-04,3,P018,2185.84,False,False,non_checkout_amount_present
U0327,checkout,2023-06-06 08:16:00,2023-06-06,8,P006,2875.06,True,False,valid_checkout_amount
U0249,logout,2023-06-01 13:12:00,2023-06-01,13,P005,,False,True,not_applicable
U0098,logout,2023-06-05 17:55:00,2023-06-05,17,P025,,False,True,not_applicable
U0056,profile_update,2023-06-05 03:26:00,2023-06-05,3,P026,,False,True,not_applicable
U0063,wishlist_add,2023-06-06 08:09:00,2023-06-06,8,P010,986.77,False,False,non_checkout_amount_present
U0131,search,2023-06-02 00:29:00,2023-06-02,0,P026,2528.03,False,False,non_checkout_amount_present
U0100,checkout,2023-06-02 09:02:00,2023-06-02,9,P029,,True,True,missing_checkout_amount
U0218,add_to_cart,2023-06-03 06:23:00,2023-06-03,6,P012,,False,True,not_applicable
U0144,add_to_cart,2023-06-05 22:38:00,2023-06-05,22,P027,,False,True,not_applicable
U0116,profile_update,2023-06-04 23:33:00,2023-06-04,23,P007,,False,True,not_applicable
U0032,profile_update,2023-06-02 12:51:00,2023-06-02,12,P008,597.66,False,False,non_checkout_amount_present
U0341,page_view,2023-06-03 08:43:00,2023-06-03,8,P025,,False,True,not_applicable
U0033,page_view,2023-06-04 20:55:00,2023-06-04,20,P004,2685.69,False,False,non_checkout_amount_present
U0317,profile_update,2023-06-04 15:52:00,2023-06-04,15,P024,1157.58,False,False,non_checkout_amount_present
U0007,wishlist_add,2023-06-03 18:11:00,2023-06-03,18,P014,695.42,False,False,non_checkout_amount_present
U0070,wishlist_add,2023-06-05 12:52:00,2023-06-05,12,P020,2910.47,False,False,non_checkout_amount_present
U0048,search,2023-06-02 16:28:00,2023-06-02,16,P024,2027.93,False,False,non_checkout_amount_present
U0367,add_to_cart,2023-06-04 09:10:00,2023-06-04,9,P003,,False,True,not_applicable
U0170,wishlist_add,2023-06-01 17:47:00,2023-06-01,17,P015,2483.79,False,False,non_checkout_amount_present
U0262,wishlist_add,2023-06-05 14:57:00,2023-06-05,14,P019,,False,True,not_applicable
U0269,login,2023-06-05 05:24:00,2023-06-05,5,P004,763.39,False,False,non_checkout_amount_present
U0251,page_view,2023-06-06 14:23:00,2023-06-06,14,P011,562.53,False,False,non_checkout_amount_present
U0377,search,2023-06-04 22:12:00,2023-06-04,22,P014,,False,True,not_applicable
U0145,profile_update,2023-06-02 02:18:00,2023-06-02,2,P003,,False,True,not_applicable
U0312,page_view,2023-06-04 20:16:00,2023-06-04,20,P020,1491.28,False,False,non_checkout_amount_present
U0249,wishlist_add,2023-06-05 22:19:00,2023-06-05,22,P003,,False,True,not_applicable
U0285,wishlist_add,2023-06-01 09:14:00,2023-06-01,9,P030,2906.11,False,False,non_checkout_amount_present
U0339,add_to_cart,2023-06-05 17:29:00,2023-06-05,17,P017,,False,True,not_applicable
U0005,page_view,2023-06-04 22:06:00,2023-06-04,22,P017,,False,True,not_applicable
U0389,login,2023-06-02 19:23:00,2023-06-02,19,P024,,False,True,not_applicable
U0180,add_to_cart,2023-06-04 06:32:00,2023-06-04,6,P005,528.55,False,False,non_checkout_amount_present
U0120,page_view,2023-06-01 19:22:00,2023-06-01,19,P001,2426.87,False,False,non_checkout_amount_present
U0052,wishlist_add,2023-06-05 16:32:00,2023-06-05,16,P013,856.11,False,False,non_checkout_amount_present
U0192,page_view,2023-06-04 09:06:00,2023-06-04,9,P019,,False,True,not_applicable
U0190,checkout,2023-06-03 00:09:00,2023-06-03,0,P024,939.67,True,False,valid_checkout_amount
U0317,add_to_cart,2023-06-03 18:59:00,2023-06-03,18,P006,933.2,False,False,non_checkout_amount_present
U0327,profile_update,2023-06-05 13:03:00,2023-06-05,13,P001,2809.18,False,False,non_checkout_amount_present
U0325,wishlist_add,2023-06-02 10:06:00,2023-06-02,10,P008,,False,True,not_applicable
U0343,page_view,2023-06-05 02:39:00,2023-06-05,2,P022,,False,True,not_applicable
U0158,search,2023-06-02 22:33:00,2023-06-02,22,P021,,False,True,not_applicable
U0225,login,2023-06-02 17:39:00,2023-06-02,17,P011,991.76,False,False,non_checkout_amount_present
U0017,logout,2023-06-06 09:57:00,2023-06-06,9,P014,1474.75,False,False,non_checkout_amount_present
U0232,checkout,2023-06-01 10:04:00,2023-06-01,10,P025,1708.83,True,False,valid_checkout_amount
U0057,wishlist_add,2023-06-02 13:53:00,2023-06-02,13,P021,,False,True,not_applicable
U0271,page_view,2023-06-05 18:46:00,2023-06-05,18,P030,2856.44,False,False,non_checkout_amount_present
U0349,profile_update,2023-06-05 01:17:00,2023-06-05,1,P004,,False,True,not_applicable
U0188,search,2023-06-05 13:08:00,2023-06-05,13,P011,2492.85,False,False,non_checkout_amount_present
U0334,logout,2023-06-04 16:28:00,2023-06-04,16,P002,,False,True,not_applicable
U0297,checkout,2023-06-05 19:54:00,2023-06-05,19,P023,,True,True,missing_checkout_amount
U0013,profile_update,2023-06-06 16:24:00,2023-06-06,16,P024,2441.69,False,False,non_checkout_amount_present
U0331,page_view,2023-06-02 01:40:00,2023-06-02,1,P012,,False,True,not_applicable
U0337,page_view,2023-06-05 15:46:00,2023-06-05,15,P025,,False,True,not_applicable
U0015,login,2023-06-06 17:49:00,2023-06-06,17,P017,1211.64,False,False,non_checkout_amount_present
U0383,search,2023-06-02 11:40:00,2023-06-02,11,P006,,False,True,not_applicable
U0279,search,2023-06-06 18:02:00,2023-06-06,18,P009,,False,True,not_applicable
U0206,login,2023-06-05 17:05:00,2023-06-05,17,P026,,False,True,not_applicable
U0019,login,2023-06-05 04:22:00,2023-06-05,4,P024,,False,True,not_applicable
U0312,logout,2023-06-03 13:22:00,2023-06-03,13,P020,,False,True,not_applicable
U0186,page_view,2023-06-05 14:03:00,2023-06-05,14,P012,1649.38,False,False,non_checkout_amount_present
U0313,add_to_cart,2023-06-04 10:50:00,2023-06-04,10,P001,921.94,False,False,non_checkout_amount_present
U0252,page_view,2023-06-03 20:24:00,2023-06-03,20,P019,,False,True,not_applicable
U0337,logout,2023-06-03 22:44:00,2023-06-03,22,P012,,False,True,not_applicable
U0307,checkout,2023-06-04 03:49:00,2023-06-04,3,P023,,True,True,missing_checkout_amount
U0180,wishlist_add,2023-06-05 18:48:00,2023-06-05,18,P006,,False,True,not_applicable
U0024,search,2023-06-03 02:08:00,2023-06-03,2,P026,,False,True,not_applicable
U0251,profile_update,2023-06-03 22:57:00,2023-06-03,22,P024,,False,True,not_applicable
U0234,login,2023-06-02 05:17:00,2023-06-02,5,P017,,False,True,not_applicable
U0178,search,2023-06-04 13:58:00,2023-06-04,13,P018,,False,True,not_applicable
U0093,login,2023-06-05 14:12:00,2023-06-05,14,P004,,False,True,not_applicable
U0095,login,2023-06-02 01:05:00,2023-06-02,1,P019,575.4,False,False,non_checkout_amount_present
U0031,checkout,2023-06-01 12:59:00,2023-06-01,12,P004,,True,True,missing_checkout_amount
U0332,search,2023-06-04 05:40:00,2023-06-04,5,P019,747.18,False,False,non_checkout_amount_present
U0309,add_to_cart,2023-06-01 23:07:00,2023-06-01,23,P006,769.71,False,False,non_checkout_amount_present
U0221,profile_update,2023-06-04 18:38:00,2023-06-04,18,P021,2630.74,False,False,non_checkout_amount_present
U0110,login,2023-06-06 00:38:00,2023-06-06,0,P014,218.24,False,False,non_checkout_amount_present
U0186,login,2023-06-02 13:48:00,2023-06-02,13,P001,2792.22,False,False,non_checkout_amount_present
U0328,add_to_cart,2023-06-02 04:16:00,2023-06-02,4,P013,2858.78,False,False,non_checkout_amount_present
U0024,logout,2023-06-06 05:13:00,2023-06-06,5,P006,,False,True,not_applicable
U0170,profile_update,2023-06-04 07:40:00,2023-06-04,7,P020,,False,True,not_applicable
U0262,login,2023-06-04 23:49:00,2023-06-04,23,P011,,False,True,not_applicable
U0129,logout,2023-06-04 01:12:00,2023-06-04,1,P015,,False,True,not_applicable
U0291,login,2023-06-06 13:37:00,2023-06-06,13,P005,1524.6,False,False,non_checkout_amount_present
U0390,checkout,2023-06-05 21:01:00,2023-06-05,21,P030,,True,True,missing_checkout_amount
U0036,profile_update,2023-06-05 14:12:00,2023-06-05,14,P002,,False,True,not_applicable
U0344,page_view,2023-06-04 19:04:00,2023-06-04,19,P002,,False,True,not_applicable
U0240,search,2023-06-02 07:19:00,2023-06-02,7,P009,319.55,False,False,non_checkout_amount_present
U0328,page_view,2023-06-06 04:31:00,2023-06-06,4,P016,2961.58,False,False,non_checkout_amount_present
U0328,login,2023-06-02 08:36:00,2023-06-02,8,P025,1736.1,False,False,non_checkout_amount_present
U0050,wishlist_add,2023-06-05 00:31:00,2023-06-05,0,P015,2746.07,False,False,non_checkout_amount_present
U0240,search,2023-06-03 02:46:00,2023-06-03,2,P016,,False,True,not_applicable
U0047,search,2023-06-06 09:35:00,2023-06-06,9,P006,,False,True,not_applicable
U0134,wishlist_add,2023-06-03 07:45:00,2023-06-03,7,P023,,False,True,not_applicable
U0204,page_view,2023-06-05 16:25:00,2023-06-05,16,P017,,False,True,not_applicable
U0139,page_view,2023-06-03 15:44:00,2023-06-03,15,P024,,False,True,not_applicable
U0042,login,2023-06-06 02:39:00,2023-06-06,2,P012,,False,True,not_applicable
U0129,wishlist_add,2023-06-03 06:40:00,2023-06-03,6,P020,,False,True,not_applicable
U0050,login,2023-06-06 08:27:00,2023-06-06,8,P007,,False,True,not_applicable
U0114,checkout,2023-06-01 13:44:00,2023-06-01,13,P003,,True,True,missing_checkout_amount
U0091,wishlist_add,2023-06-06 05:08:00,2023-06-06,5,P019,2465.97,False,False,non_checkout_amount_present
U0120,search,2023-06-03 03:48:00,2023-06-03,3,P028,,False,True,not_applicable
U0079,search,2023-06-02 03:02:00,2023-06-02,3,P012,2706.02,False,False,non_checkout_amount_present
U0264,profile_update,2023-06-05 06:13:00,2023-06-05,6,P025,2531.88,False,False,non_checkout_amount_present
U0333,profile_update,2023-06-05 21:17:00,2023-06-05,21,P005,,False,True,not_applicable
U0304,page_view,2023-06-03 22:03:00,2023-06-03,22,P012,1258.65,False,False,non_checkout_amount_present
U0012,profile_update,2023-06-05 12:24:00,2023-06-05,12,P006,,False,True,not_applicable
U0014,login,2023-06-05 03:26:00,2023-06-05,3,P014,,False,True,not_applicable
U0354,checkout,2023-06-02 00:34:00,2023-06-02,0,P024,2226.0,True,False,valid_checkout_amount
U0369,logout,2023-06-01 19:38:00,2023-06-01,19,P025,,False,True,not_applicable
U0168,logout,2023-06-02 03:27:00,2023-06-02,3,P018,,False,True,not_applicable
U0173,add_to_cart,2023-06-05 13:09:00,2023-06-05,13,P001,,False,True,not_applicable
U0385,profile_update,2023-06-03 08:32:00,2023-06-03,8,P024,1207.48,False,False,non_checkout_amount_present
U0158,wishlist_add,2023-06-06 19:14:00,2023-06-06,19,P012,2188.04,False,False,non_checkout_amount_present
U0143,login,2023-06-04 13:00:00,2023-06-04,13,P024,2149.66,False,False,non_checkout_amount_present
U0282,wishlist_add,2023-06-04 07:12:00,2023-06-04,7,P023,192.97,False,False,non_checkout_amount_present
U0294,search,2023-06-06 12:40:00,2023-06-06,12,P015,2990.99,False,False,non_checkout_amount_present
U0087,login,2023-06-06 18:18:00,2023-06-06,18,P018,852.97,False,False,non_checkout_amount_present
U0269,wishlist_add,2023-06-02 21:08:00,2023-06-02,21,P007,,False,True,not_applicable
U0252,add_to_cart,2023-06-04 15:37:00,2023-06-04,15,P022,,False,True,not_applicable
U0091,login,2023-06-03 22:12:00,2023-06-03,22,P008,,False,True,not_applicable
U0244,checkout,2023-06-04 07:07:00,2023-06-04,7,P029,705.22,True,False,valid_checkout_amount
U0053,profile_update,2023-06-03 00:30:00,2023-06-03,0,P016,,False,True,not_applicable
U0154,search,2023-06-04 03:00:00,2023-06-04,3,P002,,False,True,not_applicable
U0298,logout,2023-06-03 21:11:00,2023-06-03,21,P023,,False,True,not_applicable
U0339,profile_update,2023-06-01 21:10:00,2023-06-01,21,P023,,False,True,not_applicable
U0335,add_to_cart,2023-06-04 16:48:00,2023-06-04,16,P017,1770.04,False,False,non_checkout_amount_present
U0274,profile_update,2023-06-01 11:37:00,2023-06-01,11,P029,1522.36,False,False,non_checkout_amount_present
U0105,login,2023-06-03 04:34:00,2023-06-03,4,P017,,False,True,not_applicable
U0207,search,2023-06-06 15:26:00,2023-06-06,15,P030,1453.52,False,False,non_checkout_amount_present
U0151,checkout,2023-06-03 00:48:00,2023-06-03,0,P007,,True,True,missing_checkout_amount
U0051,logout,2023-06-06 01:14:00,2023-06-06,1,P028,,False,True,not_applicable
U0331,add_to_cart,2023-06-02 14:27:00,2023-06-02,14,P006,,False,True,not_applicable
U0084,add_to_cart,2023-06-02 17:59:00,2023-06-02,17,P028,792.66,False,False,non_checkout_amount_present
U0094,wishlist_add,2023-06-05 22:52:00,2023-06-05,22,P010,1692.82,False,False,non_checkout_amount_present
U0249,search,2023-06-05 21:29:00,2023-06-05,21,P020,,False,True,not_applicable
U0109,search,2023-06-05 00:09:00,2023-06-05,0,P025,2267.92,False,False,non_checkout_amount_present
U0059,search,2023-06-04 19:20:00,2023-06-04,19,P017,1858.29,False,False,non_checkout_amount_present
U0208,wishlist_add,2023-06-06 04:14:00,2023-06-06,4,P015,661.75,False,False,non_checkout_amount_present
U0290,logout,2023-06-01 23:53:00,2023-06-01,23,P016,1383.57,False,False,non_checkout_amount_present
U0228,wishlist_add,2023-06-02 00:20:00,2023-06-02,0,P003,,False,True,not_applicable
U0208,add_to_cart,2023-06-04 16:19:00,2023-06-04,16,P017,562.54,False,False,non_checkout_amount_present
U0213,wishlist_add,2023-06-03 21:10:00,2023-06-03,21,P004,,False,True,not_applicable
U0307,page_view,2023-06-03 13:54:00,2023-06-03,13,P002,801.42,False,False,non_checkout_amount_present
U0235,add_to_cart,2023-06-03 03:39:00,2023-06-03,3,P008,1759.89,False,False,non_checkout_amount_present
U0318,logout,2023-06-03 10:23:00,2023-06-03,10,P001,2942.2,False,False,non_checkout_amount_present
U0113,wishlist_add,2023-06-06 03:51:00,2023-06-06,3,P010,,False,True,not_applicable
U0209,profile_update,2023-06-05 12:01:00,2023-06-05,12,P028,,False,True,not_applicable
U0137,add_to_cart,2023-06-03 00:53:00,2023-06-03,0,P002,,False,True,not_applicable
U0205,login,2023-06-05 08:30:00,2023-06-05,8,P005,,False,True,not_applicable
U0019,login,2023-06-03 08:35:00,2023-06-03,8,P023,1542.82,False,False,non_checkout_amount_present
U0117,add_to_cart,2023-06-05 20:00:00,2023-06-05,20,P005,,False,True,not_applicable
U0163,profile_update,2023-06-03 17:32:00,2023-06-03,17,P016,,False,True,not_applicable
U0123,search,2023-06-01 21:18:00,2023-06-01,21,P006,,False,True,not_applicable
U0002,page_view,2023-06-01 17:43:00,2023-06-01,17,P010,859.28,False,False,non_checkout_amount_present
U0249,search,2023-06-02 20:04:00,2023-06-02,20,P020,,False,True,not_applicable
U0324,page_view,2023-06-02 04:12:00,2023-06-02,4,P011,672.47,False,False,non_checkout_amount_present
U0056,page_view,2023-06-06 10:22:00,2023-06-06,10,P029,,False,True,not_applicable
U0056,checkout,2023-06-01 16:07:00,2023-06-01,16,P019,,True,True,missing_checkout_amount
U0359,add_to_cart,2023-06-01 18:01:00,2023-06-01,18,P023,,False,True,not_applicable
U0371,login,2023-06-05 06:51:00,2023-06-05,6,P030,,False,True,not_applicable
U0021,profile_update,2023-06-06 10:42:00,2023-06-06,10,P006,,False,True,not_applicable
U0032,page_view,2023-06-06 15:36:00,2023-06-06,15,P010,1143.78,False,False,non_checkout_amount_present
U0239,profile_update,2023-06-05 00:41:00,2023-06-05,0,P027,1308.08,False,False,non_checkout_amount_present
U0312,login,2023-06-03 07:08:00,2023-06-03,7,P019,,False,True,not_applicable
U0257,logout,2023-06-06 17:28:00,2023-06-06,17,P003,,False,True,not_applicable
U0255,login,2023-06-04 04:29:00,2023-06-04,4,P028,,False,True,not_applicable
U0343,logout,2023-06-05 22:19:00,2023-06-05,22,P015,,False,True,not_applicable
U0032,profile_update,2023-06-06 11:09:00,2023-06-06,11,P003,,False,True,not_applicable
U0078,search,2023-06-05 20:13:00,2023-06-05,20,P018,815.79,False,False,non_checkout_amount_present
U0163,page_view,2023-06-06 12:58:00,2023-06-06,12,P013,1477.68,False,False,non_checkout_amount_present
U0134,profile_update,2023-06-03 07:13:00,2023-06-03,7,P024,262.58,False,False,non_checkout_amount_present
U0224,profile_update,2023-06-05 20:37:00,2023-06-05,20,P012,571.85,False,False,non_checkout_amount_present
U0192,add_to_cart,2023-06-04 16:11:00,2023-06-04,16,P010,2433.51,False,False,non_checkout_amount_present
U0255,search,2023-06-02 01:54:00,2023-06-02,1,P018,1769.62,False,False,non_checkout_amount_present
U0017,search,2023-06-04 21:00:00,2023-06-04,21,P019,2333.77,False,False,non_checkout_amount_present
U0355,profile_update,2023-06-03 21:04:00,2023-06-03,21,P020,,False,True,not_applicable
U0183,wishlist_add,2023-06-05 17:47:00,2023-06-05,17,P029,,False,True,not_applicable
U0265,profile_update,2023-06-03 20:25:00,2023-06-03,20,P015,,False,True,not_applicable
U0097,page_view,2023-06-01 20:57:00,2023-06-01,20,P024,2546.29,False,False,non_checkout_amount_present
U0391,logout,2023-06-04 19:24:00,2023-06-04,19,P014,2320.57,False,False,non_checkout_amount_present
U0109,page_view,2023-06-05 02:24:00,2023-06-05,2,P022,,False,True,not_applicable
U0300,page_view,2023-06-01 19:08:00,2023-06-01,19,P005,2162.53,False,False,non_checkout_amount_present
U0018,login,2023-06-03 21:23:00,2023-06-03,21,P020,,False,True,not_applicable
U0192,login,2023-06-06 16:51:00,2023-06-06,16,P029,,False,True,not_applicable
U0159,wishlist_add,2023-06-03 08:35:00,2023-06-03,8,P007,,False,True,not_applicable
U0307,login,2023-06-06 06:35:00,2023-06-06,6,P002,,False,True,not_applicable
U0173,wishlist_add,2023-06-02 20:59:00,2023-06-02,20,P017,289.79,False,False,non_checkout_amount_present
U0055,checkout,2023-06-02 10:27:00,2023-06-02,10,P022,,True,True,missing_checkout_amount
U0301,profile_update,2023-06-05 05:46:00,2023-06-05,5,P010,609.84,False,False,non_checkout_amount_present
U0058,page_view,2023-06-04 22:52:00,2023-06-04,22,P013,502.91,False,False,non_checkout_amount_present
U0104,wishlist_add,2023-06-01 15:36:00,2023-06-01,15,P027,,False,True,not_applicable
U0038,page_view,2023-06-01 08:22:00,2023-06-01,8,P020,899.79,False,False,non_checkout_amount_present
U0181,search,2023-06-04 08:20:00,2023-06-04,8,P022,,False,True,not_applicable
U0312,logout,2023-06-02 16:51:00,2023-06-02,16,P022,,False,True,not_applicable
U0130,profile_update,2023-06-03 14:10:00,2023-06-03,14,P021,,False,True,not_applicable
U0135,logout,2023-06-01 22:04:00,2023-06-01,22,P012,,False,True,not_applicable
U0329,search,2023-06-05 17:57:00,2023-06-05,17,P003,,False,True,not_applicable
U0316,search,2023-06-06 13:24:00,2023-06-06,13,P020,1794.99,False,False,non_checkout_amount_present
U0273,add_to_cart,2023-06-03 05:48:00,2023-06-03,5,P028,639.27,False,False,non_checkout_amount_present
U0217,search,2023-06-06 02:29:00,2023-06-06,2,P017,1235.72,False,False,non_checkout_amount_present
U0236,page_view,2023-06-04 21:35:00,2023-06-04,21,P019,,False,True,not_applicable
U0250,login,2023-06-03 23:25:00,2023-06-03,23,P021,,False,True,not_applicable
U0093,page_view,2023-06-02 07:29:00,2023-06-02,7,P014,293.63,False,False,non_checkout_amount_present
U0173,search,2023-06-01 23:33:00,2023-06-01,23,P006,2885.37,False,False,non_checkout_amount_present
U0038,wishlist_add,2023-06-03 04:44:00,2023-06-03,4,P015,2630.61,False,False,non_checkout_amount_present
U0388,page_view,2023-06-05 07:02:00,2023-06-05,7,P024,1593.51,False,False,non_checkout_amount_present
U0262,login,2023-06-02 17:54:00,2023-06-02,17,P021,581.96,False,False,non_checkout_amount_present
U0037,search,2023-06-04 21:20:00,2023-06-04,21,P007,560.69,False,False,non_checkout_amount_present
U0158,logout,2023-06-05 05:03:00,2023-06-05,5,P015,574.2,False,False,non_checkout_amount_present
U0392,logout,2023-06-02 15:49:00,2023-06-02,15,P001,2253.07,False,False,non_checkout_amount_present
U0117,login,2023-06-04 18:27:00,2023-06-04,18,P013,,False,True,not_applicable
U0017,add_to_cart,2023-06-05 10:50:00,2023-06-05,10,P015,1364.06,False,False,non_checkout_amount_present
U0039,profile_update,2023-06-04 06:01:00,2023-06-04,6,P027,,False,True,not_applicable
U0377,login,2023-06-04 19:29:00,2023-06-04,19,P009,1812.34,False,False,non_checkout_amount_present
U0082,profile_update,2023-06-05 20:57:00,2023-06-05,20,P016,1567.14,False,False,non_checkout_amount_present
U0119,login,2023-06-01 21:21:00,2023-06-01,21,P010,1172.38,False,False,non_checkout_amount_present
U0250,checkout,2023-06-02 17:46:00,2023-06-02,17,P001,2327.37,True,False,valid_checkout_amount
U0086,checkout,2023-06-05 23:13:00,2023-06-05,23,P026,615.95,True,False,valid_checkout_amount
U0139,add_to_cart,2023-06-02 12:08:00,2023-06-02,12,P026,,False,True,not_applicable
U0068,login,2023-06-06 16:23:00,2023-06-06,16,P027,2416.71,False,False,non_checkout_amount_present
U0042,add_to_cart,2023-06-02 17:35:00,2023-06-02,17,P015,,False,True,not_applicable
U0011,add_to_cart,2023-06-05 22:42:00,2023-06-05,22,P030,2176.33,False,False,non_checkout_amount_present
U0081,login,2023-06-03 23:27:00,2023-06-03,23,P027,1696.72,False,False,non_checkout_amount_present
U0201,profile_update,2023-06-04 17:31:00,2023-06-04,17,P005,,False,True,not_applicable
U0133,logout,2023-06-05 05:45:00,2023-06-05,5,P028,1055.3,False,False,non_checkout_amount_present
U0016,search,2023-06-04 20:28:00,2023-06-04,20,P007,,False,True,not_applicable
U0188,search,2023-06-01 10:52:00,2023-06-01,10,P029,,False,True,not_applicable
U0184,profile_update,2023-06-04 06:48:00,2023-06-04,6,P017,1158.71,False,False,non_checkout_amount_present
U0340,login,2023-06-04 05:22:00,2023-06-04,5,P016,1524.34,False,False,non_checkout_amount_present
U0353,page_view,2023-06-05 05:31:00,2023-06-05,5,P008,1530.09,False,False,non_checkout_amount_present
U0229,search,2023-06-02 00:45:00,2023-06-02,0,P010,,False,True,not_applicable
U0046,logout,2023-06-03 20:07:00,2023-06-03,20,P013,1316.68,False,False,non_checkout_amount_present
U0320,checkout,2023-06-06 16:41:00,2023-06-06,16,P020,,True,True,missing_checkout_amount
U0279,wishlist_add,2023-06-04 16:45:00,2023-06-04,16,P009,,False,True,not_applicable
U0039,logout,2023-06-03 12:13:00,2023-06-03,12,P005,,False,True,not_applicable
U0119,logout,2023-06-03 16:25:00,2023-06-03,16,P012,,False,True,not_applicable
U0035,logout,2023-06-02 17:22:00,2023-06-02,17,P029,,False,True,not_applicable
U0242,wishlist_add,2023-06-05 06:13:00,2023-06-05,6,P027,2488.27,False,False,non_checkout_amount_present
U0153,login,2023-06-04 09:00:00,2023-06-04,9,P002,2788.94,False,False,non_checkout_amount_present
U0257,logout,2023-06-02 17:37:00,2023-06-02,17,P029,,False,True,not_applicable
U0304,profile_update,2023-06-05 23:22:00,2023-06-05,23,P016,,False,True,not_applicable
U0012,add_to_cart,2023-06-03 21:23:00,2023-06-03,21,P024,,False,True,not_applicable
U0144,page_view,2023-06-04 09:45:00,2023-06-04,9,P025,2852.8,False,False,non_checkout_amount_present
U0324,page_view,2023-06-03 15:31:00,2023-06-03,15,P007,1502.13,False,False,non_checkout_amount_present
U0021,checkout,2023-06-02 07:05:00,2023-06-02,7,P013,1763.65,True,False,valid_checkout_amount
U0233,logout,2023-06-05 01:58:00,2023-06-05,1,P024,1497.6,False,False,non_checkout_amount_present
U0252,add_to_cart,2023-06-03 05:08:00,2023-06-03,5,P019,,False,True,not_applicable
U0188,search,2023-06-03 16:33:00,2023-06-03,16,P021,,False,True,not_applicable
U0215,checkout,2023-06-03 15:36:00,2023-06-03,15,P002,2811.96,True,False,valid_checkout_amount
U0340,profile_update,2023-06-06 06:25:00,2023-06-06,6,P010,,False,True,not_applicable
U0353,profile_update,2023-06-05 13:30:00,2023-06-05,13,P011,,False,True,not_applicable
U0027,wishlist_add,2023-06-05 05:31:00,2023-06-05,5,P009,966.86,False,False,non_checkout_amount_present
U0191,checkout,2023-06-04 02:52:00,2023-06-04,2,P010,948.41,True,False,valid_checkout_amount
U0156,checkout,2023-06-01 13:41:00,2023-06-01,13,P002,2560.3,True,False,valid_checkout_amount
U0275,add_to_cart,2023-06-06 11:43:00,2023-06-06,11,P030,1887.99,False,False,non_checkout_amount_present
U0245,wishlist_add,2023-06-05 18:01:00,2023-06-05,18,P009,1662.6,False,False,non_checkout_amount_present
U0304,add_to_cart,2023-06-06 18:37:00,2023-06-06,18,P016,2878.34,False,False,non_checkout_amount_present
U0294,checkout,2023-06-06 05:26:00,2023-06-06,5,P011,,True,True,missing_checkout_amount
U0350,checkout,2023-06-03 23:05:00,2023-06-03,23,P015,,True,True,missing_checkout_amount
U0068,login,2023-06-04 04:12:00,2023-06-04,4,P006,615.26,False,False,non_checkout_amount_present
U0161,login,2023-06-03 04:36:00,2023-06-03,4,P014,1882.13,False,False,non_checkout_amount_present
U0131,page_view,2023-06-02 05:22:00,2023-06-02,5,P026,1415.83,False,False,non_checkout_amount_present
U0227,page_view,2023-06-02 06:17:00,2023-06-02,6,P003,2554.6,False,False,non_checkout_amount_present
U0045,logout,2023-06-04 18:29:00,2023-06-04,18,P007,,False,True,not_applicable
U0243,checkout,2023-06-02 11:22:00,2023-06-02,11,P022,,True,True,missing_checkout_amount
U0370,wishlist_add,2023-06-01 16:44:00,2023-06-01,16,P026,330.13,False,False,non_checkout_amount_present
U0389,profile_update,2023-06-06 16:34:00,2023-06-06,16,P015,2401.07,False,False,non_checkout_amount_present
U0095,profile_update,2023-06-03 21:09:00,2023-06-03,21,P005,650.57,False,False,non_checkout_amount_present
U0111,page_view,2023-06-06 01:21:00,2023-06-06,1,P001,200.12,False,False,non_checkout_amount_present
U0389,checkout,2023-06-04 12:50:00,2023-06-04,12,P011,,True,True,missing_checkout_amount
U0235,search,2023-06-03 12:09:00,2023-06-03,12,P018,,False,True,not_applicable
U0037,add_to_cart,2023-06-06 14:04:00,2023-06-06,14,P020,,False,True,not_applicable
U0136,logout,2023-06-02 14:59:00,2023-06-02,14,P018,1051.46,False,False,non_checkout_amount_present
U0230,page_view,2023-06-02 08:35:00,2023-06-02,8,P010,2276.48,False,False,non_checkout_amount_present
U0012,wishlist_add,2023-06-06 11:41:00,2023-06-06,11,P005,1934.35,False,False,non_checkout_amount_present
U0172,wishlist_add,2023-06-05 04:21:00,2023-06-05,4,P024,,False,True,not_applicable
U0382,login,2023-06-05 02:13:00,2023-06-05,2,P022,,False,True,not_applicable
U0065,add_to_cart,2023-06-02 16:17:00,2023-06-02,16,P008,2632.22,False,False,non_checkout_amount_present
U0282,search,2023-06-03 11:48:00,2023-06-03,11,P028,,False,True,not_applicable
U0255,page_view,2023-06-05 05:42:00,2023-06-05,5,P026,309.67,False,False,non_checkout_amount_present
U0245,checkout,2023-06-04 14:16:00,2023-06-04,14,P009,2223.09,True,False,valid_checkout_amount
U0390,login,2023-06-01 08:21:00,2023-06-01,8,P020,2021.21,False,False,non_checkout_amount_present
U0029,profile_update,2023-06-02 13:05:00,2023-06-02,13,P003,940.43,False,False,non_checkout_amount_present
U0001,wishlist_add,2023-06-05 01:45:00,2023-06-05,1,P028,960.51,False,False,non_checkout_amount_present
U0089,search,2023-06-03 09:40:00,2023-06-03,9,P026,327.12,False,False,non_checkout_amount_present
U0230,checkout,2023-06-04 01:25:00,2023-06-04,1,P015,1204.39,True,False,valid_checkout_amount
U0339,login,2023-06-04 04:41:00,2023-06-04,4,P012,,False,True,not_applicable
U0262,login,2023-06-05 13:12:00,2023-06-05,13,P005,2516.73,False,False,non_checkout_amount_present
U0265,add_to_cart,2023-06-04 15:59:00,2023-06-04,15,P012,2530.51,False,False,non_checkout_amount_present
U0191,profile_update,2023-06-03 09:27:00,2023-06-03,9,P005,1417.06,False,False,non_checkout_amount_present
U0241,checkout,2023-06-02 20:12:00,2023-06-02,20,P010,,True,True,missing_checkout_amount
U0293,wishlist_add,2023-06-05 07:53:00,2023-06-05,7,P019,1781.13,False,False,non_checkout_amount_present
U0062,search,2023-06-05 21:06:00,2023-06-05,21,P022,1077.87,False,False,non_checkout_amount_present
U0045,wishlist_add,2023-06-04 00:08:00,2023-06-04,0,P014,1902.2,False,False,non_checkout_amount_present
U0120,add_to_cart,2023-06-06 18:27:00,2023-06-06,18,P007,1781.07,False,False,non_checkout_amount_present
U0362,checkout,2023-06-03 15:26:00,2023-06-03,15,P012,,True,True,missing_checkout_amount
U0040,login,2023-06-02 19:46:00,2023-06-02,19,P017,,False,True,not_applicable
U0242,profile_update,2023-06-06 03:10:00,2023-06-06,3,P022,256.78,False,False,non_checkout_amount_present
U0366,add_to_cart,2023-06-06 01:45:00,2023-06-06,1,P029,,False,True,not_applicable
U0027,logout,2023-06-03 12:04:00,2023-06-03,12,P003,975.29,False,False,non_checkout_amount_present
U0350,add_to_cart,2023-06-03 07:28:00,2023-06-03,7,P002,,False,True,not_applicable
U0073,wishlist_add,2023-06-04 08:34:00,2023-06-04,8,P026,,False,True,not_applicable
U0039,search,2023-06-05 16:48:00,2023-06-05,16,P003,,False,True,not_applicable
U0329,profile_update,2023-06-04 08:06:00,2023-06-04,8,P028,1526.79,False,False,non_checkout_amount_present
U0208,wishlist_add,2023-06-04 22:00:00,2023-06-04,22,P011,,False,True,not_applicable
U0272,logout,2023-06-06 02:37:00,2023-06-06,2,P006,,False,True,not_applicable
U0262,checkout,2023-06-05 20:01:00,2023-06-05,20,P025,,True,True,missing_checkout_amount
U0285,login,2023-06-05 14:27:00,2023-06-05,14,P014,,False,True,not_applicable
U0146,login,2023-06-02 20:17:00,2023-06-02,20,P010,1136.96,False,False,non_checkout_amount_present
U0266,login,2023-06-01 11:23:00,2023-06-01,11,P005,,False,True,not_applicable
U0324,profile_update,2023-06-03 07:55:00,2023-06-03,7,P020,,False,True,not_applicable
U0036,login,2023-06-04 19:06:00,2023-06-04,19,P026,595.49,False,False,non_checkout_amount_present
U0243,profile_update,2023-06-06 07:05:00,2023-06-06,7,P020,1202.3,False,False,non_checkout_amount_present
U0241,logout,2023-06-05 04:18:00,2023-06-05,4,P004,1014.26,False,False,non_checkout_amount_present
U0227,login,2023-06-06 01:25:00,2023-06-06,1,P024,,False,True,not_applicable
U0398,checkout,2023-06-05 01:14:00,2023-06-05,1,P017,1613.16,True,False,valid_checkout_amount
U0377,add_to_cart,2023-06-06 17:11:00,2023-06-06,17,P027,1028.03,False,False,non_checkout_amount_present
U0346,login,2023-06-04 11:29:00,2023-06-04,11,P017,818.52,False,False,non_checkout_amount_present
U0388,checkout,2023-06-02 20:05:00,2023-06-02,20,P009,,True,True,missing_checkout_amount
U0129,checkout,2023-06-02 17:38:00,2023-06-02,17,P010,,True,True,missing_checkout_amount
U0147,search,2023-06-03 02:25:00,2023-06-03,2,P022,,False,True,not_applicable
U0010,login,2023-06-03 12:54:00,2023-06-03,12,P009,1391.61,False,False,non_checkout_amount_present
U0156,add_to_cart,2023-06-06 15:48:00,2023-06-06,15,P027,2267.56,False,False,non_checkout_amount_present
U0100,login,2023-06-06 02:04:00,2023-06-06,2,P028,2056.05,False,False,non_checkout_amount_present
U0083,add_to_cart,2023-06-05 10:36:00,2023-06-05,10,P023,,False,True,not_applicable
U0122,profile_update,2023-06-05 08:35:00,2023-06-05,8,P027,2208.1,False,False,non_checkout_amount_present
U0146,login,2023-06-06 12:14:00,2023-06-06,12,P029,1589.38,False,False,non_checkout_amount_present
U0358,page_view,2023-06-03 16:20:00,2023-06-03,16,P012,2773.7,False,False,non_checkout_amount_present
U0126,add_to_cart,2023-06-06 13:26:00,2023-06-06,13,P001,2408.78,False,False,non_checkout_amount_present
U0374,add_to_cart,2023-06-04 01:16:00,2023-06-04,1,P014,1410.06,False,False,non_checkout_amount_present
U0317,search,2023-06-04 07:52:00,2023-06-04,7,P029,,False,True,not_applicable
U0352,login,2023-06-02 21:35:00,2023-06-02,21,P009,,False,True,not_applicable
U0024,logout,2023-06-04 03:46:00,2023-06-04,3,P011,850.03,False,False,non_checkout_amount_present
U0252,login,2023-06-03 19:23:00,2023-06-03,19,P016,2137.8,False,False,non_checkout_amount_present
U0059,page_view,2023-06-03 23:11:00,2023-06-03,23,P025,,False,True,not_applicable
U0083,wishlist_add,2023-06-06 19:07:00,2023-06-06,19,P002,,False,True,not_applicable
U0312,login,2023-06-04 07:40:00,2023-06-04,7,P022,,False,True,not_applicable
U0332,wishlist_add,2023-06-06 15:39:00,2023-06-06,15,P006,1938.83,False,False,non_checkout_amount_present
U0147,search,2023-06-03 21:59:00,2023-06-03,21,P007,1275.7,False,False,non_checkout_amount_present
U0285,search,2023-06-02 07:29:00,2023-06-02,7,P021,724.18,False,False,non_checkout_amount_present
U0122,wishlist_add,2023-06-01 20:46:00,2023-06-01,20,P025,2356.49,False,False,non_checkout_amount_present
U0256,login,2023-06-02 01:41:00,2023-06-02,1,P013,2537.82,False,False,non_checkout_amount_present
U0165,checkout,2023-06-05 05:01:00,2023-06-05,5,P008,,True,True,missing_checkout_amount
U0345,wishlist_add,2023-06-03 07:15:00,2023-06-03,7,P001,,False,True,not_applicable
U0159,profile_update,2023-06-05 10:10:00,2023-06-05,10,P027,1141.76,False,False,non_checkout_amount_present
U0150,wishlist_add,2023-06-03 05:19:00,2023-06-03,5,P010,2283.39,False,False,non_checkout_amount_present
U0328,logout,2023-06-01 14:56:00,2023-06-01,14,P012,2329.66,False,False,non_checkout_amount_present
U0262,page_view,2023-06-04 18:16:00,2023-06-04,18,P004,1787.47,False,False,non_checkout_amount_present
U0138,checkout,2023-06-04 04:33:00,2023-06-04,4,P010,330.57,True,False,valid_checkout_amount
U0012,login,2023-06-01 12:21:00,2023-06-01,12,P020,2448.64,False,False,non_checkout_amount_present
U0380,checkout,2023-06-02 17:49:00,2023-06-02,17,P021,,True,True,missing_checkout_amount
U0161,profile_update,2023-06-03 22:00:00,2023-06-03,22,P002,2346.95,False,False,non_checkout_amount_present
U0093,add_to_cart,2023-06-02 23:44:00,2023-06-02,23,P019,,False,True,not_applicable
U0200,logout,2023-06-04 06:28:00,2023-06-04,6,P022,,False,True,not_applicable
U0299,search,2023-06-03 15:32:00,2023-06-03,15,P005,,False,True,not_applicable
U0356,search,2023-06-03 21:55:00,2023-06-03,21,P028,1199.35,False,False,non_checkout_amount_present
U0166,add_to_cart,2023-06-02 20:46:00,2023-06-02,20,P008,,False,True,not_applicable
U0141,checkout,2023-06-05 11:32:00,2023-06-05,11,P010,1952.09,True,False,valid_checkout_amount
U0097,search,2023-06-02 12:42:00,2023-06-02,12,P014,,False,True,not_applicable
U0345,profile_update,2023-06-06 02:48:00,2023-06-06,2,P019,,False,True,not_applicable
U0010,profile_update,2023-06-01 14:13:00,2023-06-01,14,P011,,False,True,not_applicable
U0241,page_view,2023-06-04 14:46:00,2023-06-04,14,P014,,False,True,not_applicable
U0331,search,2023-06-06 19:37:00,2023-06-06,19,P028,,False,True,not_applicable
U0397,wishlist_add,2023-06-06 02:18:00,2023-06-06,2,P024,,False,True,not_applicable
U0350,wishlist_add,2023-06-03 03:00:00,2023-06-03,3,P019,777.24,False,False,non_checkout_amount_present
U0296,add_to_cart,2023-06-05 05:20:00,2023-06-05,5,P028,,False,True,not_applicable
U0035,profile_update,2023-06-06 18:55:00,2023-06-06,18,P020,2085.12,False,False,non_checkout_amount_present
U0336,profile_update,2023-06-04 03:33:00,2023-06-04,3,P018,1389.04,False,False,non_checkout_amount_present
U0219,checkout,2023-06-04 23:13:00,2023-06-04,23,P011,808.5,True,False,valid_checkout_amount
U0355,add_to_cart,2023-06-03 07:31:00,2023-06-03,7,P021,1704.58,False,False,non_checkout_amount_present
U0288,profile_update,2023-06-06 05:11:00,2023-06-06,5,P009,330.5,False,False,non_checkout_amount_present
U0204,search,2023-06-06 17:03:00,2023-06-06,17,P021,,False,True,not_applicable
U0276,checkout,2023-06-04 16:19:00,2023-06-04,16,P012,,True,True,missing_checkout_amount
U0224,profile_update,2023-06-04 15:12:00,2023-06-04,15,P007,,False,True,not_applicable
U0216,logout,2023-06-02 04:09:00,2023-06-02,4,P004,,False,True,not_applicable
U0323,login,2023-06-04 09:02:00,2023-06-04,9,P029,,False,True,not_applicable
U0271,wishlist_add,2023-06-03 15:46:00,2023-06-03,15,P026,2543.19,False,False,non_checkout_amount_present
U0082,search,2023-06-06 02:15:00,2023-06-06,2,P027,2922.77,False,False,non_checkout_amount_present
U0309,wishlist_add,2023-06-03 11:40:00,2023-06-03,11,P028,,False,True,not_applicable
U0231,wishlist_add,2023-06-06 07:03:00,2023-06-06,7,P013,,False,True,not_applicable
U0222,profile_update,2023-06-03 09:25:00,2023-06-03,9,P007,,False,True,not_applicable
U0019,wishlist_add,2023-06-03 05:20:00,2023-06-03,5,P013,,False,True,not_applicable
U0113,page_view,2023-06-06 08:21:00,2023-06-06,8,P003,,False,True,not_applicable
U0189,checkout,2023-06-06 18:07:00,2023-06-06,18,P009,,True,True,missing_checkout_amount
U0211,login,2023-06-04 10:53:00,2023-06-04,10,P007,,False,True,not_applicable
U0146,search,2023-06-02 22:16:00,2023-06-02,22,P023,2718.6,False,False,non_checkout_amount_present
U0230,add_to_cart,2023-06-03 23:52:00,2023-06-03,23,P021,166.11,False,False,non_checkout_amount_present
U0391,add_to_cart,2023-06-02 08:07:00,2023-06-02,8,P030,379.89,False,False,non_checkout_amount_present
U0214,logout,2023-06-01 22:37:00,2023-06-01,22,P028,,False,True,not_applicable
U0393,profile_update,2023-06-01 20:11:00,2023-06-01,20,P003,,False,True,not_applicable
U0307,wishlist_add,2023-06-05 14:10:00,2023-06-05,14,P013,1866.94,False,False,non_checkout_amount_present
U0161,logout,2023-06-05 05:27:00,2023-06-05,5,P026,2552.03,False,False,non_checkout_amount_present
U0345,profile_update,2023-06-05 20:44:00,2023-06-05,20,P004,,False,True,not_applicable
U0203,checkout,2023-06-06 15:23:00,2023-06-06,15,P020,239.81,True,False,valid_checkout_amount
U0094,checkout,2023-06-04 18:44:00,2023-06-04,18,P004,,True,True,missing_checkout_amount
U0262,page_view,2023-06-03 07:33:00,2023-06-03,7,P027,,False,True,not_applicable
U0120,add_to_cart,2023-06-03 02:18:00,2023-06-03,2,P020,,False,True,not_applicable
U0337,profile_update,2023-06-01 23:30:00,2023-06-01,23,P013,1834.59,False,False,non_checkout_amount_present
U0336,login,2023-06-02 16:42:00,2023-06-02,16,P027,117.43,False,False,non_checkout_amount_present
U0089,search,2023-06-03 00:30:00,2023-06-03,0,P009,,False,True,not_applicable
U0038,search,2023-06-03 04:45:00,2023-06-03,4,P008,1533.73,False,False,non_checkout_amount_present
U0395,search,2023-06-05 05:49:00,2023-06-05,5,P026,2926.69,False,False,non_checkout_amount_present
U0200,search,2023-06-05 01:24:00,2023-06-05,1,P017,,False,True,not_applicable
U0065,profile_update,2023-06-03 16:06:00,2023-06-03,16,P020,,False,True,not_applicable
U0315,login,2023-06-04 07:04:00,2023-06-04,7,P030,1812.95,False,False,non_checkout_amount_present
U0152,login,2023-06-05 22:06:00,2023-06-05,22,P022,839.22,False,False,non_checkout_amount_present
U0264,profile_update,2023-06-03 15:07:00,2023-06-03,15,P008,2821.74,False,False,non_checkout_amount_present
U0272,wishlist_add,2023-06-04 17:53:00,2023-06-04,17,P020,,False,True,not_applicable
U0067,page_view,2023-06-02 02:43:00,2023-06-02,2,P029,,False,True,not_applicable
U0190,wishlist_add,2023-06-03 12:30:00,2023-06-03,12,P018,2199.55,False,False,non_checkout_amount_present
U0210,wishlist_add,2023-06-01 16:17:00,2023-06-01,16,P016,,False,True,not_applicable
U0140,profile_update,2023-06-02 21:15:00,2023-06-02,21,P028,,False,True,not_applicable
U0304,logout,2023-06-02 04:11:00,2023-06-02,4,P020,1052.48,False,False,non_checkout_amount_present
U0361,add_to_cart,2023-06-02 20:48:00,2023-06-02,20,P007,,False,True,not_applicable
U0084,search,2023-06-02 07:51:00,2023-06-02,7,P027,152.8,False,False,non_checkout_amount_present
U0065,checkout,2023-06-04 16:41:00,2023-06-04,16,P029,,True,True,missing_checkout_amount
U0190,checkout,2023-06-01 11:16:00,2023-06-01,11,P014,2246.64,True,False,valid_checkout_amount
U0034,checkout,2023-06-02 13:58:00,2023-06-02,13,P008,1826.62,True,False,valid_checkout_amount
U0077,checkout,2023-06-01 19:29:00,2023-06-01,19,P011,,True,True,missing_checkout_amount
U0353,add_to_cart,2023-06-02 08:31:00,2023-06-02,8,P016,2509.99,False,False,non_checkout_amount_present
U0106,page_view,2023-06-05 17:41:00,2023-06-05,17,P004,,False,True,not_applicable
U0073,profile_update,2023-06-06 13:49:00,2023-06-06,13,P024,,False,True,not_applicable
U0224,wishlist_add,2023-06-05 16:32:00,2023-06-05,16,P017,1409.74,False,False,non_checkout_amount_present
U0222,logout,2023-06-01 16:16:00,2023-06-01,16,P007,1250.08,False,False,non_checkout_amount_present
U0139,search,2023-06-03 23:04:00,2023-06-03,23,P011,,False,True,not_applicable
U0321,login,2023-06-02 13:24:00,2023-06-02,13,P018,,False,True,not_applicable
U0107,logout,2023-06-01 20:17:00,2023-06-01,20,P011,1287.35,False,False,non_checkout_amount_present
U0263,checkout,2023-06-04 12:52:00,2023-06-04,12,P017,,True,True,missing_checkout_amount
U0245,logout,2023-06-05 02:53:00,2023-06-05,2,P030,164.57,False,False,non_checkout_amount_present
U0313,search,2023-06-03 11:33:00,2023-06-03,11,P027,,False,True,not_applicable
U0160,login,2023-06-04 17:04:00,2023-06-04,17,P018,2277.67,False,False,non_checkout_amount_present
U0051,login,2023-06-05 16:06:00,2023-06-05,16,P009,1120.55,False,False,non_checkout_amount_present
U0312,add_to_cart,2023-06-04 06:34:00,2023-06-04,6,P017,,False,True,not_applicable
U0112,checkout,2023-06-04 23:15:00,2023-06-04,23,P004,,True,True,missing_checkout_amount
U0398,wishlist_add,2023-06-03 16:55:00,2023-06-03,16,P018,,False,True,not_applicable
U0018,wishlist_add,2023-06-05 00:43:00,2023-06-05,0,P022,,False,True,not_applicable
U0117,login,2023-06-05 17:22:00,2023-06-05,17,P014,,False,True,not_applicable
U0216,wishlist_add,2023-06-03 12:32:00,2023-06-03,12,P018,430.27,False,False,non_checkout_amount_present
U0228,logout,2023-06-06 17:19:00,2023-06-06,17,P008,339.09,False,False,non_checkout_amount_present
U0339,checkout,2023-06-05 11:08:00,2023-06-05,11,P024,,True,True,missing_checkout_amount
U0016,checkout,2023-06-02 20:24:00,2023-06-02,20,P005,,True,True,missing_checkout_amount
U0167,login,2023-06-06 06:38:00,2023-06-06,6,P002,,False,True,not_applicable
U0112,logout,2023-06-03 09:45:00,2023-06-03,9,P007,1879.28,False,False,non_checkout_amount_present
U0135,profile_update,2023-06-01 15:59:00,2023-06-01,15,P009,,False,True,not_applicable
U0352,search,2023-06-05 12:10:00,2023-06-05,12,P020,,False,True,not_applicable
U0006,checkout,2023-06-04 05:23:00,2023-06-04,5,P002,2643.34,True,False,valid_checkout_amount
U0304,profile_update,2023-06-01 17:09:00,2023-06-01,17,P016,,False,True,not_applicable
U0217,wishlist_add,2023-06-04 01:47:00,2023-06-04,1,P001,1637.76,False,False,non_checkout_amount_present
U0299,checkout,2023-06-05 04:01:00,2023-06-05,4,P001,,True,True,missing_checkout_amount
U0014,profile_update,2023-06-01 08:01:00,2023-06-01,8,P012,,False,True,not_applicable
U0336,wishlist_add,2023-06-03 22:22:00,2023-06-03,22,P022,,False,True,not_applicable
U0067,page_view,2023-06-03 23:10:00,2023-06-03,23,P008,,False,True,not_applicable
U0386,profile_update,2023-06-04 01:30:00,2023-06-04,1,P029,2051.84,False,False,non_checkout_amount_present
U0293,wishlist_add,2023-06-04 15:47:00,2023-06-04,15,P022,,False,True,not_applicable
U0048,wishlist_add,2023-06-02 09:24:00,2023-06-02,9,P027,747.59,False,False,non_checkout_amount_present
U0107,wishlist_add,2023-06-04 18:53:00,2023-06-04,18,P018,,False,True,not_applicable
U0383,add_to_cart,2023-06-06 02:41:00,2023-06-06,2,P029,,False,True,not_applicable
U0080,wishlist_add,2023-06-01 18:33:00,2023-06-01,18,P020,1357.65,False,False,non_checkout_amount_present
U0287,profile_update,2023-06-05 21:36:00,2023-06-05,21,P028,1984.38,False,False,non_checkout_amount_present
U0399,checkout,2023-06-05 06:59:00,2023-06-05,6,P003,2540.19,True,False,valid_checkout_amount
U0048,login,2023-06-02 13:53:00,2023-06-02,13,P018,,False,True,not_applicable
U0053,search,2023-06-03 18:50:00,2023-06-03,18,P010,,False,True,not_applicable
U0181,checkout,2023-06-06 10:20:00,2023-06-06,10,P020,352.05,True,False,valid_checkout_amount
U0263,search,2023-06-04 02:29:00,2023-06-04,2,P024,,False,True,not_applicable
U0257,login,2023-06-03 03:30:00,2023-06-03,3,P020,2966.99,False,False,non_checkout_amount_present
U0004,search,2023-06-05 00:19:00,2023-06-05,0,P011,,False,True,not_applicable
U0233,page_view,2023-06-06 19:03:00,2023-06-06,19,P023,2548.34,False,False,non_checkout_amount_present
U0174,wishlist_add,2023-06-01 08:10:00,2023-06-01,8,P026,,False,True,not_applicable
U0144,page_view,2023-06-05 23:29:00,2023-06-05,23,P004,110.74,False,False,non_checkout_amount_present
U0369,login,2023-06-05 04:23:00,2023-06-05,4,P029,,False,True,not_applicable
U0091,search,2023-06-02 03:08:00,2023-06-02,3,P010,,False,True,not_applicable
U0298,wishlist_add,2023-06-02 10:00:00,2023-06-02,10,P026,,False,True,not_applicable
U0089,profile_update,2023-06-03 05:56:00,2023-06-03,5,P009,1252.73,False,False,non_checkout_amount_present
U0170,search,2023-06-04 00:21:00,2023-06-04,0,P006,,False,True,not_applicable
U0050,login,2023-06-06 06:59:00,2023-06-06,6,P006,,False,True,not_applicable
U0170,login,2023-06-02 21:44:00,2023-06-02,21,P022,,False,True,not_applicable
U0048,wishlist_add,2023-06-02 10:44:00,2023-06-02,10,P023,,False,True,not_applicable
U0200,wishlist_add,2023-06-05 00:44:00,2023-06-05,0,P013,2481.42,False,False,non_checkout_amount_present
U0079,page_view,2023-06-06 11:30:00,2023-06-06,11,P004,980.23,False,False,non_checkout_amount_present
U0210,login,2023-06-03 22:06:00,2023-06-03,22,P006,1606.73,False,False,non_checkout_amount_present
U0214,add_to_cart,2023-06-06 19:57:00,2023-06-06,19,P005,,False,True,not_applicable
U0226,profile_update,2023-06-04 01:04:00,2023-06-04,1,P025,1532.29,False,False,non_checkout_amount_present
U0241,logout,2023-06-03 11:54:00,2023-06-03,11,P007,,False,True,not_applicable
U0049,wishlist_add,2023-06-03 17:32:00,2023-06-03,17,P023,,False,True,not_applicable
U0379,login,2023-06-04 05:33:00,2023-06-04,5,P024,909.43,False,False,non_checkout_amount_present
U0111,checkout,2023-06-03 06:33:00,2023-06-03,6,P017,,True,True,missing_checkout_amount
U0015,search,2023-06-02 13:44:00,2023-06-02,13,P027,1669.03,False,False,non_checkout_amount_present
U0121,page_view,2023-06-05 06:54:00,2023-06-05,6,P020,,False,True,not_applicable
U0376,login,2023-06-03 06:38:00,2023-06-03,6,P023,,False,True,not_applicable
U0310,login,2023-06-04 07:59:00,2023-06-04,7,P003,,False,True,not_applicable
U0143,wishlist_add,2023-06-04 21:19:00,2023-06-04,21,P022,,False,True,not_applicable
U0088,add_to_cart,2023-06-01 15:06:00,2023-06-01,15,P015,2923.74,False,False,non_checkout_amount_present
U0119,logout,2023-06-03 16:46:00,2023-06-03,16,P027,578.87,False,False,non_checkout_amount_present
U0135,checkout,2023-06-01 11:21:00,2023-06-01,11,P003,,True,True,missing_checkout_amount
U0196,logout,2023-06-03 10:55:00,2023-06-03,10,P030,,False,True,not_applicable
U0024,wishlist_add,2023-06-05 17:47:00,2023-06-05,17,P005,2398.41,False,False,non_checkout_amount_present
U0113,wishlist_add,2023-06-02 23:42:00,2023-06-02,23,P002,1059.78,False,False,non_checkout_amount_present
U0124,add_to_cart,2023-06-04 07:57:00,2023-06-04,7,P001,,False,True,not_applicable
U0330,profile_update,2023-06-02 23:06:00,2023-06-02,23,P018,814.85,False,False,non_checkout_amount_present
U0037,add_to_cart,2023-06-03 18:04:00,2023-06-03,18,P007,,False,True,not_applicable
U0244,checkout,2023-06-03 17:47:00,2023-06-03,17,P026,,True,True,missing_checkout_amount
U0069,wishlist_add,2023-06-02 14:59:00,2023-06-02,14,P026,2094.06,False,False,non_checkout_amount_present
U0381,wishlist_add,2023-06-04 07:35:00,2023-06-04,7,P028,,False,True,not_applicable
U0207,wishlist_add,2023-06-06 13:26:00,2023-06-06,13,P004,,False,True,not_applicable
U0210,wishlist_add,2023-06-02 21:21:00,2023-06-02,21,P017,2082.56,False,False,non_checkout_amount_present
U0352,search,2023-06-06 09:05:00,2023-06-06,9,P015,,False,True,not_applicable
U0247,profile_update,2023-06-05 14:10:00,2023-06-05,14,P021,,False,True,not_applicable
U0329,checkout,2023-06-03 14:53:00,2023-06-03,14,P008,1279.39,True,False,valid_checkout_amount
U0030,login,2023-06-01 19:10:00,2023-06-01,19,P030,,False,True,not_applicable
U0243,profile_update,2023-06-06 05:05:00,2023-06-06,5,P008,2771.24,False,False,non_checkout_amount_present
U0227,logout,2023-06-03 08:04:00,2023-06-03,8,P012,,False,True,not_applicable
U0157,page_view,2023-06-02 08:59:00,2023-06-02,8,P024,1235.21,False,False,non_checkout_amount_present
U0348,search,2023-06-01 21:35:00,2023-06-01,21,P010,2394.8,False,False,non_checkout_amount_present
U0170,logout,2023-06-02 15:13:00,2023-06-02,15,P027,1916.18,False,False,non_checkout_amount_present
U0309,search,2023-06-01 20:00:00,2023-06-01,20,P014,1170.48,False,False,non_checkout_amount_present
U0017,logout,2023-06-05 16:47:00,2023-06-05,16,P004,,False,True,not_applicable
U0065,logout,2023-06-03 01:08:00,2023-06-03,1,P002,,False,True,not_applicable
U0238,page_view,2023-06-05 23:41:00,2023-06-05,23,P019,,False,True,not_applicable
U0304,add_to_cart,2023-06-04 15:58:00,2023-06-04,15,P011,299.68,False,False,non_checkout_amount_present
U0080,login,2023-06-01 18:34:00,2023-06-01,18,P007,,False,True,not_applicable
U0277,wishlist_add,2023-06-04 20:50:00,2023-06-04,20,P004,2488.91,False,False,non_checkout_amount_present
U0192,add_to_cart,2023-06-03 11:31:00,2023-06-03,11,P003,,False,True,not_applicable
U0137,checkout,2023-06-02 12:44:00,2023-06-02,12,P003,588.95,True,False,valid_checkout_amount
U0054,logout,2023-06-05 21:57:00,2023-06-05,21,P021,2895.72,False,False,non_checkout_amount_present
U0246,login,2023-06-02 21:54:00,2023-06-02,21,P007,,False,True,not_applicable
U0357,login,2023-06-06 02:21:00,2023-06-06,2,P022,926.24,False,False,non_checkout_amount_present
U0114,page_view,2023-06-03 21:11:00,2023-06-03,21,P005,,False,True,not_applicable
U0394,login,2023-06-04 16:25:00,2023-06-04,16,P020,,False,True,not_applicable
U0082,logout,2023-06-06 18:47:00,2023-06-06,18,P025,106.78,False,False,non_checkout_amount_present
U0275,wishlist_add,2023-06-03 14:10:00,2023-06-03,14,P018,2666.13,False,False,non_checkout_amount_present
U0286,add_to_cart,2023-06-01 18:45:00,2023-06-01,18,P013,2409.06,False,False,non_checkout_amount_present
U0018,add_to_cart,2023-06-01 22:38:00,2023-06-01,22,P025,459.27,False,False,non_checkout_amount_present
U0355,page_view,2023-06-05 03:35:00,2023-06-05,3,P019,524.55,False,False,non_checkout_amount_present
U0139,add_to_cart,2023-06-03 15:46:00,2023-06-03,15,P019,,False,True,not_applicable
U0231,add_to_cart,2023-06-03 17:49:00,2023-06-03,17,P029,1873.78,False,False,non_checkout_amount_present
U0363,login,2023-06-06 09:17:00,2023-06-06,9,P007,1078.25,False,False,non_checkout_amount_present
U0320,profile_update,2023-06-04 11:37:00,2023-06-04,11,P028,1444.58,False,False,non_checkout_amount_present
U0268,profile_update,2023-06-06 17:13:00,2023-06-06,17,P013,1769.27,False,False,non_checkout_amount_present
U0024,profile_update,2023-06-03 05:15:00,2023-06-03,5,P002,,False,True,not_applicable
U0232,checkout,2023-06-06 04:15:00,2023-06-06,4,P012,867.43,True,False,valid_checkout_amount
U0134,profile_update,2023-06-04 02:54:00,2023-06-04,2,P016,2453.97,False,False,non_checkout_amount_present
U0046,login,2023-06-06 18:01:00,2023-06-06,18,P029,,False,True,not_applicable
U0153,checkout,2023-06-02 23:19:00,2023-06-02,23,P024,2731.71,True,False,valid_checkout_amount
U0044,wishlist_add,2023-06-06 09:55:00,2023-06-06,9,P023,,False,True,not_applicable
U0099,login,2023-06-04 21:26:00,2023-06-04,21,P010,,False,True,not_applicable
U0250,search,2023-06-04 08:30:00,2023-06-04,8,P012,779.46,False,False,non_checkout_amount_present
U0030,page_view,2023-06-06 09:21:00,2023-06-06,9,P003,230.1,False,False,non_checkout_amount_present
U0041,add_to_cart,2023-06-02 22:24:00,2023-06-02,22,P030,1265.32,False,False,non_checkout_amount_present
U0051,profile_update,2023-06-06 02:51:00,2023-06-06,2,P024,1086.06,False,False,non_checkout_amount_present
U0261,wishlist_add,2023-06-06 11:00:00,2023-06-06,11,P001,,False,True,not_applicable
U0279,add_to_cart,2023-06-04 16:20:00,2023-06-04,16,P013,,False,True,not_applicable
U0240,profile_update,2023-06-02 02:06:00,2023-06-02,2,P017,653.28,False,False,non_checkout_amount_present
U0206,login,2023-06-03 22:25:00,2023-06-03,22,P013,,False,True,not_applicable
U0259,logout,2023-06-01 12:12:00,2023-06-01,12,P025,,False,True,not_applicable
U0254,page_view,2023-06-04 09:02:00,2023-06-04,9,P011,,False,True,not_applicable
U0335,checkout,2023-06-04 16:17:00,2023-06-04,16,P030,,True,True,missing_checkout_amount
U0396,profile_update,2023-06-02 12:59:00,2023-06-02,12,P002,1820.64,False,False,non_checkout_amount_present
U0344,add_to_cart,2023-06-06 12:16:00,2023-06-06,12,P001,,False,True,not_applicable
U0137,wishlist_add,2023-06-05 11:09:00,2023-06-05,11,P030,,False,True,not_applicable
U0057,wishlist_add,2023-06-04 20:57:00,2023-06-04,20,P019,227.1,False,False,non_checkout_amount_present
U0189,checkout,2023-06-06 14:36:00,2023-06-06,14,P003,772.44,True,False,valid_checkout_amount
U0248,checkout,2023-06-06 14:33:00,2023-06-06,14,P004,2808.33,True,False,valid_checkout_amount
U0077,add_to_cart,2023-06-04 11:47:00,2023-06-04,11,P019,,False,True,not_applicable
U0212,add_to_cart,2023-06-01 14:56:00,2023-06-01,14,P028,2994.64,False,False,non_checkout_amount_present
U0337,login,2023-06-02 18:43:00,2023-06-02,18,P027,,False,True,not_applicable
U0212,search,2023-06-03 16:01:00,2023-06-03,16,P026,1698.57,False,False,non_checkout_amount_present
U0386,wishlist_add,2023-06-03 19:34:00,2023-06-03,19,P015,188.75,False,False,non_checkout_amount_present
U0128,page_view,2023-06-01 18:53:00,2023-06-01,18,P021,,False,True,not_applicable
U0302,wishlist_add,2023-06-03 09:24:00,2023-06-03,9,P030,1404.35,False,False,non_checkout_amount_present
U0038,profile_update,2023-06-01 12:16:00,2023-06-01,12,P021,,False,True,not_applicable
U0103,page_view,2023-06-06 02:39:00,2023-06-06,2,P001,2050.83,False,False,non_checkout_amount_present
U0074,page_view,2023-06-01 19:32:00,2023-06-01,19,P002,,False,True,not_applicable
U0085,checkout,2023-06-03 09:23:00,2023-06-03,9,P008,,True,True,missing_checkout_amount
U0377,page_view,2023-06-06 13:06:00,2023-06-06,13,P029,,False,True,not_applicable
U0183,page_view,2023-06-02 02:42:00,2023-06-02,2,P018,,False,True,not_applicable
U0016,page_view,2023-06-04 18:20:00,2023-06-04,18,P020,116.55,False,False,non_checkout_amount_present
U0341,logout,2023-06-06 11:49:00,2023-06-06,11,P022,2130.22,False,False,non_checkout_amount_present
U0333,logout,2023-06-01 21:00:00,2023-06-01,21,P013,1577.72,False,False,non_checkout_amount_present
U0367,login,2023-06-05 06:11:00,2023-06-05,6,P006,,False,True,not_applicable
U0069,add_to_cart,2023-06-06 09:45:00,2023-06-06,9,P017,,False,True,not_applicable
U0253,checkout,2023-06-06 19:33:00,2023-06-06,19,P025,2271.79,True,False,valid_checkout_amount
U0033,page_view,2023-06-04 12:13:00,2023-06-04,12,P012,,False,True,not_applicable
U0290,checkout,2023-06-04 19:58:00,2023-06-04,19,P021,,True,True,missing_checkout_amount
U0300,search,2023-06-02 01:50:00,2023-06-02,1,P012,1979.5,False,False,non_checkout_amount_present
U0124,search,2023-06-01 11:03:00,2023-06-01,11,P016,,False,True,not_applicable
U0206,add_to_cart,2023-06-05 05:27:00,2023-06-05,5,P016,,False,True,not_applicable
U0043,search,2023-06-05 10:51:00,2023-06-05,10,P002,,False,True,not_applicable
U0028,login,2023-06-05 23:16:00,2023-06-05,23,P001,,False,True,not_applicable
U0143,checkout,2023-06-01 23:07:00,2023-06-01,23,P004,,True,True,missing_checkout_amount
U0234,search,2023-06-05 16:08:00,2023-06-05,16,P003,,False,True,not_applicable
U0061,logout,2023-06-01 12:20:00,2023-06-01,12,P001,510.05,False,False,non_checkout_amount_present
U0188,logout,2023-06-01 11:58:00,2023-06-01,11,P017,,False,True,not_applicable
U0204,login,2023-06-02 02:59:00,2023-06-02,2,P023,,False,True,not_applicable
U0320,login,2023-06-04 03:14:00,2023-06-04,3,P016,1011.97,False,False,non_checkout_amount_present
U0381,add_to_cart,2023-06-02 20:38:00,2023-06-02,20,P013,,False,True,not_applicable
U0374,search,2023-06-02 17:12:00,2023-06-02,17,P007,,False,True,not_applicable
U0114,logout,2023-06-03 00:37:00,2023-06-03,0,P001,2966.75,False,False,non_checkout_amount_present
U0166,checkout,2023-06-04 02:50:00,2023-06-04,2,P017,,True,True,missing_checkout_amount
U0144,checkout,2023-06-04 05:41:00,2023-06-04,5,P019,1859.75,True,False,valid_checkout_amount
U0183,logout,2023-06-03 16:20:00,2023-06-03,16,P016,,False,True,not_applicable
U0374,profile_update,2023-06-02 15:49:00,2023-06-02,15,P017,322.97,False,False,non_checkout_amount_present
U0173,profile_update,2023-06-03 12:48:00,2023-06-03,12,P009,,False,True,not_applicable
U0127,wishlist_add,2023-06-04 01:36:00,2023-06-04,1,P020,,False,True,not_applicable
U0291,add_to_cart,2023-06-04 00:12:00,2023-06-04,0,P016,865.82,False,False,non_checkout_amount_present
U0268,search,2023-06-02 19:55:00,2023-06-02,19,P005,2546.22,False,False,non_checkout_amount_present
U0328,logout,2023-06-05 00:06:00,2023-06-05,0,P005,,False,True,not_applicable
U0095,profile_update,2023-06-02 11:58:00,2023-06-02,11,P025,,False,True,not_applicable
U0256,logout,2023-06-05 12:22:00,2023-06-05,12,P030,,False,True,not_applicable
U0249,search,2023-06-02 19:09:00,2023-06-02,19,P001,2958.4,False,False,non_checkout_amount_present
U0112,profile_update,2023-06-01 19:50:00,2023-06-01,19,P002,,False,True,not_applicable
U0152,login,2023-06-04 03:01:00,2023-06-04,3,P023,,False,True,not_applicable
U0322,checkout,2023-06-05 10:09:00,2023-06-05,10,P007,2509.06,True,False,valid_checkout_amount
U0338,checkout,2023-06-01 14:29:00,2023-06-01,14,P021,1685.89,True,False,valid_checkout_amount
U0276,logout,2023-06-04 16:03:00,2023-06-04,16,P015,294.85,False,False,non_checkout_amount_present
U0277,search,2023-06-03 11:35:00,2023-06-03,11,P015,1153.69,False,False,non_checkout_amount_present
U0075,login,2023-06-06 14:40:00,2023-06-06,14,P015,1575.07,False,False,non_checkout_amount_present
U0217,search,2023-06-05 11:24:00,2023-06-05,11,P026,621.83,False,False,non_checkout_amount_present
U0074,profile_update,2023-06-01 09:21:00,2023-06-01,9,P020,2123.81,False,False,non_checkout_amount_present
U0226,profile_update,2023-06-04 19:36:00,2023-06-04,19,P030,,False,True,not_applicable
U0208,profile_update,2023-06-04 20:00:00,2023-06-04,20,P008,,False,True,not_applicable
U0126,checkout,2023-06-02 23:09:00,2023-06-02,23,P027,,True,True,missing_checkout_amount
U0269,add_to_cart,2023-06-05 12:22:00,2023-06-05,12,P001,,False,True,not_applicable
U0025,logout,2023-06-03 11:22:00,2023-06-03,11,P005,363.1,False,False,non_checkout_amount_present
U0345,add_to_cart,2023-06-04 04:17:00,2023-06-04,4,P007,,False,True,not_applicable
U0251,wishlist_add,2023-06-01 20:54:00,2023-06-01,20,P020,,False,True,not_applicable
U0349,logout,2023-06-03 20:37:00,2023-06-03,20,P003,,False,True,not_applicable
U0251,checkout,2023-06-02 19:04:00,2023-06-02,19,P001,,True,True,missing_checkout_amount
U0278,checkout,2023-06-03 05:38:00,2023-06-03,5,P007,,True,True,missing_checkout_amount
U0356,profile_update,2023-06-03 17:34:00,2023-06-03,17,P018,553.47,False,False,non_checkout_amount_present
U0309,profile_update,2023-06-06 02:00:00,2023-06-06,2,P012,,False,True,not_applicable
U0036,page_view,2023-06-04 20:16:00,2023-06-04,20,P018,2628.52,False,False,non_checkout_amount_present
U0034,wishlist_add,2023-06-04 10:28:00,2023-06-04,10,P020,2584.23,False,False,non_checkout_amount_present
U0103,wishlist_add,2023-06-03 22:30:00,2023-06-03,22,P001,1761.35,False,False,non_checkout_amount_present
U0060,wishlist_add,2023-06-06 00:20:00,2023-06-06,0,P008,,False,True,not_applicable
U0216,page_view,2023-06-02 02:21:00,2023-06-02,2,P024,,False,True,not_applicable
U0232,add_to_cart,2023-06-02 14:24:00,2023-06-02,14,P005,2324.55,False,False,non_checkout_amount_present
U0207,wishlist_add,2023-06-02 19:09:00,2023-06-02,19,P019,1727.16,False,False,non_checkout_amount_present
U0045,page_view,2023-06-06 01:22:00,2023-06-06,1,P021,,False,True,not_applicable
U0266,login,2023-06-01 09:30:00,2023-06-01,9,P011,,False,True,not_applicable
U0389,checkout,2023-06-03 06:10:00,2023-06-03,6,P025,348.03,True,False,valid_checkout_amount
U0328,wishlist_add,2023-06-05 05:05:00,2023-06-05,5,P027,,False,True,not_applicable
U0148,add_to_cart,2023-06-02 11:06:00,2023-06-02,11,P027,2737.7,False,False,non_checkout_amount_present
U0393,wishlist_add,2023-06-06 07:32:00,2023-06-06,7,P017,,False,True,not_applicable
U0166,checkout,2023-06-06 05:36:00,2023-06-06,5,P010,,True,True,missing_checkout_amount
U0348,add_to_cart,2023-06-02 02:01:00,2023-06-02,2,P026,,False,True,not_applicable
U0200,add_to_cart,2023-06-02 20:02:00,2023-06-02,20,P001,,False,True,not_applicable
U0233,wishlist_add,2023-06-03 13:37:00,2023-06-03,13,P027,,False,True,not_applicable
U0301,add_to_cart,2023-06-03 07:16:00,2023-06-03,7,P001,,False,True,not_applicable
U0322,checkout,2023-06-06 17:55:00,2023-06-06,17,P020,1446.76,True,False,valid_checkout_amount
U0211,search,2023-06-06 03:02:00,2023-06-06,3,P020,,False,True,not_applicable
U0110,logout,2023-06-03 20:00:00,2023-06-03,20,P014,2536.56,False,False,non_checkout_amount_present
U0087,page_view,2023-06-02 06:47:00,2023-06-02,6,P022,1753.13,False,False,non_checkout_amount_present
U0063,login,2023-06-06 19:06:00,2023-06-06,19,P008,1277.44,False,False,non_checkout_amount_present
U0164,checkout,2023-06-06 16:15:00,2023-06-06,16,P006,,True,True,missing_checkout_amount
U0278,page_view,2023-06-06 11:13:00,2023-06-06,11,P024,1753.74,False,False,non_checkout_amount_present
U0260,checkout,2023-06-06 11:00:00,2023-06-06,11,P012,2006.3,True,False,valid_checkout_amount
U0198,page_view,2023-06-02 19:18:00,2023-06-02,19,P016,1649.45,False,False,non_checkout_amount_present
U0174,logout,2023-06-02 04:32:00,2023-06-02,4,P003,,False,True,not_applicable
U0291,search,2023-06-03 15:56:00,2023-06-03,15,P019,,False,True,not_applicable
U0013,wishlist_add,2023-06-04 04:58:00,2023-06-04,4,P027,1376.45,False,False,non_checkout_amount_present
U0227,profile_update,2023-06-02 10:11:00,2023-06-02,10,P012,,False,True,not_applicable
U0039,checkout,2023-06-02 13:08:00,2023-06-02,13,P004,,True,True,missing_checkout_amount
U0188,checkout,2023-06-03 18:55:00,2023-06-03,18,P007,,True,True,missing_checkout_amount
U0024,logout,2023-06-03 05:30:00,2023-06-03,5,P023,643.39,False,False,non_checkout_amount_present
U0010,add_to_cart,2023-06-02 06:07:00,2023-06-02,6,P001,,False,True,not_applicable
U0286,wishlist_add,2023-06-06 08:00:00,2023-06-06,8,P007,2091.89,False,False,non_checkout_amount_present
U0389,add_to_cart,2023-06-04 16:48:00,2023-06-04,16,P003,2735.86,False,False,non_checkout_amount_present
U0145,profile_update,2023-06-05 16:15:00,2023-06-05,16,P011,928.17,False,False,non_checkout_amount_present
U0195,login,2023-06-05 11:32:00,2023-06-05,11,P027,1723.5,False,False,non_checkout_amount_present
U0132,add_to_cart,2023-06-01 14:53:00,2023-06-01,14,P009,,False,True,not_applicable
U0032,search,2023-06-02 12:11:00,2023-06-02,12,P029,,False,True,not_applicable
U0009,page_view,2023-06-02 21:02:00,2023-06-02,21,P009,,False,True,not_applicable
U0363,profile_update,2023-06-02 16:02:00,2023-06-02,16,P022,,False,True,not_applicable
U0019,page_view,2023-06-06 14:23:00,2023-06-06,14,P008,,False,True,not_applicable
U0154,checkout,2023-06-03 10:12:00,2023-06-03,10,P001,632.71,True,False,valid_checkout_amount
U0077,login,2023-06-03 07:59:00,2023-06-03,7,P012,,False,True,not_applicable
U0124,profile_update,2023-06-05 20:13:00,2023-06-05,20,P006,,False,True,not_applicable
U0284,checkout,2023-06-02 10:06:00,2023-06-02,10,P013,,True,True,missing_checkout_amount
U0200,login,2023-06-05 10:48:00,2023-06-05,10,P030,,False,True,not_applicable
U0056,search,2023-06-02 15:45:00,2023-06-02,15,P001,,False,True,not_applicable
U0234,search,2023-06-04 08:23:00,2023-06-04,8,P016,,False,True,not_applicable
U0377,page_view,2023-06-05 01:59:00,2023-06-05,1,P005,,False,True,not_applicable
U0190,search,2023-06-06 09:36:00,2023-06-06,9,P028,,False,True,not_applicable
U0032,page_view,2023-06-06 00:18:00,2023-06-06,0,P014,1507.5,False,False,non_checkout_amount_present
U0058,checkout,2023-06-03 23:34:00,2023-06-03,23,P027,1105.04,True,False,valid_checkout_amount
U0203,add_to_cart,2023-06-05 22:12:00,2023-06-05,22,P027,2951.47,False,False,non_checkout_amount_present
U0105,page_view,2023-06-04 12:34:00,2023-06-04,12,P008,,False,True,not_applicable
U0292,search,2023-06-03 20:14:00,2023-06-03,20,P021,,False,True,not_applicable
U0225,add_to_cart,2023-06-06 13:32:00,2023-06-06,13,P024,,False,True,not_applicable
U0011,wishlist_add,2023-06-05 20:12:00,2023-06-05,20,P028,1195.31,False,False,non_checkout_amount_present
U0167,search,2023-06-05 17:55:00,2023-06-05,17,P023,2975.83,False,False,non_checkout_amount_present
U0286,logout,2023-06-02 03:50:00,2023-06-02,3,P001,,False,True,not_applicable
U0273,add_to_cart,2023-06-04 00:12:00,2023-06-04,0,P005,,False,True,not_applicable
U0213,wishlist_add,2023-06-02 22:21:00,2023-06-02,22,P006,2353.18,False,False,non_checkout_amount_present
U0266,wishlist_add,2023-06-05 10:17:00,2023-06-05,10,P029,2377.93,False,False,non_checkout_amount_present
U0276,add_to_cart,2023-06-06 18:24:00,2023-06-06,18,P024,1271.55,False,False,non_checkout_amount_present
U0187,page_view,2023-06-05 12:36:00,2023-06-05,12,P021,2704.26,False,False,non_checkout_amount_present
U0319,wishlist_add,2023-06-03 01:15:00,2023-06-03,1,P025,,False,True,not_applicable
U0340,wishlist_add,2023-06-05 19:28:00,2023-06-05,19,P009,979.94,False,False,non_checkout_amount_present
U0131,login,2023-06-04 08:03:00,2023-06-04,8,P014,,False,True,not_applicable
U0007,profile_update,2023-06-03 09:37:00,2023-06-03,9,P009,,False,True,not_applicable
U0202,login,2023-06-03 22:46:00,2023-06-03,22,P003,669.72,False,False,non_checkout_amount_present
U0157,checkout,2023-06-05 03:37:00,2023-06-05,3,P002,1388.02,True,False,valid_checkout_amount
U0152,login,2023-06-02 17:46:00,2023-06-02,17,P009,683.5,False,False,non_checkout_amount_present
U0042,page_view,2023-06-02 05:39:00,2023-06-02,5,P002,1976.65,False,False,non_checkout_amount_present
U0106,add_to_cart,2023-06-06 18:08:00,2023-06-06,18,P005,,False,True,not_applicable
U0281,wishlist_add,2023-06-05 00:38:00,2023-06-05,0,P009,,False,True,not_applicable
U0088,page_view,2023-06-05 20:24:00,2023-06-05,20,P003,2193.55,False,False,non_checkout_amount_present
U0271,logout,2023-06-02 02:12:00,2023-06-02,2,P024,,False,True,not_applicable
U0014,checkout,2023-06-06 00:19:00,2023-06-06,0,P012,899.1,True,False,valid_checkout_amount
U0342,logout,2023-06-05 21:53:00,2023-06-05,21,P029,1147.55,False,False,non_checkout_amount_present
U0203,wishlist_add,2023-06-04 00:56:00,2023-06-04,0,P027,1947.61,False,False,non_checkout_amount_present
U0210,page_view,2023-06-02 04:34:00,2023-06-02,4,P013,,False,True,not_applicable
U0210,page_view,2023-06-06 02:07:00,2023-06-06,2,P016,1079.08,False,False,non_checkout_amount_present
U0378,search,2023-06-03 11:13:00,2023-06-03,11,P018,1094.66,False,False,non_checkout_amount_present
U0247,page_view,2023-06-05 13:22:00,2023-06-05,13,P019,,False,True,not_applicable
U0102,search,2023-06-05 08:55:00,2023-06-05,8,P011,,False,True,not_applicable
U0116,profile_update,2023-06-03 23:58:00,2023-06-03,23,P024,,False,True,not_applicable
U0047,wishlist_add,2023-06-02 19:30:00,2023-06-02,19,P026,1991.05,False,False,non_checkout_amount_present
U0197,checkout,2023-06-01 23:32:00,2023-06-01,23,P010,,True,True,missing_checkout_amount
U0010,search,2023-06-04 05:19:00,2023-06-04,5,P016,,False,True,not_applicable
U0065,checkout,2023-06-05 11:02:00,2023-06-05,11,P020,,True,True,missing_checkout_amount
U0022,checkout,2023-06-03 03:19:00,2023-06-03,3,P022,,True,True,missing_checkout_amount
U0126,wishlist_add,2023-06-03 16:10:00,2023-06-03,16,P009,,False,True,not_applicable
U0066,logout,2023-06-02 15:23:00,2023-06-02,15,P006,,False,True,not_applicable
U0384,profile_update,2023-06-06 00:31:00,2023-06-06,0,P002,2788.83,False,False,non_checkout_amount_present
U0341,login,2023-06-05 14:21:00,2023-06-05,14,P003,,False,True,not_applicable
U0176,add_to_cart,2023-06-05 16:48:00,2023-06-05,16,P029,2829.72,False,False,non_checkout_amount_present
U0088,login,2023-06-03 08:47:00,2023-06-03,8,P018,,False,True,not_applicable
U0395,profile_update,2023-06-02 08:13:00,2023-06-02,8,P024,2364.53,False,False,non_checkout_amount_present
U0278,add_to_cart,2023-06-03 04:40:00,2023-06-03,4,P003,,False,True,not_applicable
U0128,wishlist_add,2023-06-03 11:07:00,2023-06-03,11,P022,,False,True,not_applicable
U0192,login,2023-06-06 04:46:00,2023-06-06,4,P004,,False,True,not_applicable
U0318,page_view,2023-06-05 04:23:00,2023-06-05,4,P002,554.93,False,False,non_checkout_amount_present
U0077,logout,2023-06-01 22:13:00,2023-06-01,22,P005,2983.48,False,False,non_checkout_amount_present
U0370,profile_update,2023-06-05 03:21:00,2023-06-05,3,P007,,False,True,not_applicable
U0280,wishlist_add,2023-06-06 11:54:00,2023-06-06,11,P006,2532.86,False,False,non_checkout_amount_present
U0081,wishlist_add,2023-06-06 08:29:00,2023-06-06,8,P008,,False,True,not_applicable
U0014,page_view,2023-06-05 01:52:00,2023-06-05,1,P008,662.85,False,False,non_checkout_amount_present
U0124,checkout,2023-06-06 05:55:00,2023-06-06,5,P014,2809.84,True,False,valid_checkout_amount
U0008,login,2023-06-02 10:15:00,2023-06-02,10,P002,,False,True,not_applicable
U0090,logout,2023-06-01 20:10:00,2023-06-01,20,P011,,False,True,not_applicable
U0049,checkout,2023-06-01 14:41:00,2023-06-01,14,P023,,True,True,missing_checkout_amount
U0040,profile_update,2023-06-06 12:18:00,2023-06-06,12,P016,2206.66,False,False,non_checkout_amount_present
U0105,search,2023-06-04 17:36:00,2023-06-04,17,P017,1177.06,False,False,non_checkout_amount_present
U0134,profile_update,2023-06-03 02:46:00,2023-06-03,2,P017,,False,True,not_applicable
U0249,profile_update,2023-06-03 05:40:00,2023-06-03,5,P014,1302.89,False,False,non_checkout_amount_present
U0385,add_to_cart,2023-06-04 20:44:00,2023-06-04,20,P016,,False,True,not_applicable
U0262,search,2023-06-01 18:47:00,2023-06-01,18,P024,2557.14,False,False,non_checkout_amount_present
U0093,checkout,2023-06-01 14:18:00,2023-06-01,14,P016,,True,True,missing_checkout_amount
U0319,logout,2023-06-03 20:32:00,2023-06-03,20,P009,,False,True,not_applicable
U0101,wishlist_add,2023-06-03 05:43:00,2023-06-03,5,P030,616.67,False,False,non_checkout_amount_present
U0372,checkout,2023-06-06 07:18:00,2023-06-06,7,P019,1139.19,True,False,valid_checkout_amount
U0021,add_to_cart,2023-06-03 10:17:00,2023-06-03,10,P025,2839.55,False,False,non_checkout_amount_present
U0027,search,2023-06-01 23:08:00,2023-06-01,23,P020,,False,True,not_applicable
U0235,search,2023-06-03 22:39:00,2023-06-03,22,P016,1702.74,False,False,non_checkout_amount_present
U0098,profile_update,2023-06-04 00:39:00,2023-06-04,0,P030,,False,True,not_applicable
U0289,search,2023-06-03 22:36:00,2023-06-03,22,P005,1669.01,False,False,non_checkout_amount_present
U0190,login,2023-06-02 05:32:00,2023-06-02,5,P008,,False,True,not_applicable
U0307,login,2023-06-02 09:35:00,2023-06-02,9,P001,939.81,False,False,non_checkout_amount_present
U0244,checkout,2023-06-05 08:33:00,2023-06-05,8,P005,,True,True,missing_checkout_amount
U0150,search,2023-06-02 03:29:00,2023-06-02,3,P008,470.66,False,False,non_checkout_amount_present
U0104,login,2023-06-06 09:35:00,2023-06-06,9,P007,,False,True,not_applicable
U0209,search,2023-06-06 13:11:00,2023-06-06,13,P030,1724.93,False,False,non_checkout_amount_present
U0368,login,2023-06-04 14:51:00,2023-06-04,14,P021,,False,True,not_applicable
U0071,profile_update,2023-06-04 10:53:00,2023-06-04,10,P022,,False,True,not_applicable
U0323,logout,2023-06-01 08:04:00,2023-06-01,8,P001,625.98,False,False,non_checkout_amount_present
U0313,profile_update,2023-06-03 22:35:00,2023-06-03,22,P023,304.46,False,False,non_checkout_amount_present
U0187,profile_update,2023-06-01 11:54:00,2023-06-01,11,P016,1234.88,False,False,non_checkout_amount_present
U0383,page_view,2023-06-02 14:38:00,2023-06-02,14,P023,,False,True,not_applicable
U0159,search,2023-06-03 03:41:00,2023-06-03,3,P008,,False,True,not_applicable
U0117,login,2023-06-05 08:10:00,2023-06-05,8,P020,267.13,False,False,non_checkout_amount_present
U0261,checkout,2023-06-02 01:49:00,2023-06-02,1,P028,,True,True,missing_checkout_amount
U0017,profile_update,2023-06-03 05:08:00,2023-06-03,5,P012,1865.75,False,False,non_checkout_amount_present
U0094,wishlist_add,2023-06-05 22:37:00,2023-06-05,22,P007,,False,True,not_applicable
U0010,search,2023-06-06 13:00:00,2023-06-06,13,P002,1254.54,False,False,non_checkout_amount_present
U0046,checkout,2023-06-02 20:34:00,2023-06-02,20,P006,,True,True,missing_checkout_amount
U0163,profile_update,2023-06-02 02:48:00,2023-06-02,2,P012,1365.47,False,False,non_checkout_amount_present
U0145,login,2023-06-06 01:53:00,2023-06-06,1,P027,932.5,False,False,non_checkout_amount_present
U0002,login,2023-06-01 16:53:00,2023-06-01,16,P007,,False,True,not_applicable
U0257,search,2023-06-02 05:36:00,2023-06-02,5,P003,,False,True,not_applicable
U0012,profile_update,2023-06-02 06:35:00,2023-06-02,6,P029,2764.26,False,False,non_checkout_amount_present
U0015,wishlist_add,2023-06-03 08:52:00,2023-06-03,8,P004,2030.24,False,False,non_checkout_amount_present
U0238,add_to_cart,2023-06-01 14:15:00,2023-06-01,14,P016,2647.73,False,False,non_checkout_amount_present
U0346,login,2023-06-06 08:03:00,2023-06-06,8,P006,1876.33,False,False,non_checkout_amount_present
U0098,checkout,2023-06-02 03:54:00,2023-06-02,3,P017,2561.65,True,False,valid_checkout_amount
U0123,page_view,2023-06-03 06:37:00,2023-06-03,6,P027,312.86,False,False,non_checkout_amount_present
U0204,checkout,2023-06-06 10:48:00,2023-06-06,10,P028,,True,True,missing_checkout_amount
U0113,page_view,2023-06-01 08:22:00,2023-06-01,8,P005,,False,True,not_applicable
U0307,profile_update,2023-06-05 04:35:00,2023-06-05,4,P015,1664.01,False,False,non_checkout_amount_present
U0153,logout,2023-06-04 12:18:00,2023-06-04,12,P027,1727.66,False,False,non_checkout_amount_present
U0121,wishlist_add,2023-06-06 11:15:00,2023-06-06,11,P023,,False,True,not_applicable
U0242,page_view,2023-06-06 06:46:00,2023-06-06,6,P003,,False,True,not_applicable
U0255,page_view,2023-06-01 17:48:00,2023-06-01,17,P002,1834.87,False,False,non_checkout_amount_present
U0026,logout,2023-06-04 07:20:00,2023-06-04,7,P010,,False,True,not_applicable
U0050,page_view,2023-06-01 21:13:00,2023-06-01,21,P017,,False,True,not_applicable
U0039,logout,2023-06-05 19:47:00,2023-06-05,19,P029,1543.55,False,False,non_checkout_amount_present
U0019,profile_update,2023-06-04 21:00:00,2023-06-04,21,P029,366.25,False,False,non_checkout_amount_present
U0085,login,2023-06-01 23:36:00,2023-06-01,23,P007,609.96,False,False,non_checkout_amount_present
U0308,checkout,2023-06-02 05:03:00,2023-06-02,5,P009,2631.23,True,False,valid_checkout_amount
U0400,logout,2023-06-01 16:43:00,2023-06-01,16,P027,895.25,False,False,non_checkout_amount_present
U0122,profile_update,2023-06-06 13:54:00,2023-06-06,13,P010,,False,True,not_applicable
U0193,page_view,2023-06-01 11:35:00,2023-06-01,11,P003,,False,True,not_applicable
U0148,page_view,2023-06-03 14:41:00,2023-06-03,14,P013,,False,True,not_applicable
U0113,add_to_cart,2023-06-06 06:33:00,2023-06-06,6,P022,1614.1,False,False,non_checkout_amount_present
U0151,add_to_cart,2023-06-03 09:56:00,2023-06-03,9,P002,,False,True,not_applicable
U0231,checkout,2023-06-04 04:56:00,2023-06-04,4,P018,,True,True,missing_checkout_amount
U0040,add_to_cart,2023-06-01 18:44:00,2023-06-01,18,P026,,False,True,not_applicable
U0209,wishlist_add,2023-06-04 05:08:00,2023-06-04,5,P029,,False,True,not_applicable
U0232,add_to_cart,2023-06-03 07:32:00,2023-06-03,7,P028,,False,True,not_applicable
U0301,page_view,2023-06-02 09:33:00,2023-06-02,9,P013,,False,True,not_applicable
U0288,search,2023-06-04 09:17:00,2023-06-04,9,P010,,False,True,not_applicable
U0291,search,2023-06-03 15:58:00,2023-06-03,15,P011,2793.34,False,False,non_checkout_amount_present
U0331,add_to_cart,2023-06-04 05:07:00,2023-06-04,5,P017,1096.12,False,False,non_checkout_amount_present
U0090,checkout,2023-06-03 17:45:00,2023-06-03,17,P013,,True,True,missing_checkout_amount
U0230,login,2023-06-04 06:47:00,2023-06-04,6,P008,675.92,False,False,non_checkout_amount_present
U0292,profile_update,2023-06-04 05:30:00,2023-06-04,5,P028,879.06,False,False,non_checkout_amount_present
U0280,add_to_cart,2023-06-02 18:56:00,2023-06-02,18,P001,917.03,False,False,non_checkout_amount_present
U0099,add_to_cart,2023-06-05 11:06:00,2023-06-05,11,P024,,False,True,not_applicable
U0250,wishlist_add,2023-06-04 00:24:00,2023-06-04,0,P024,2483.6,False,False,non_checkout_amount_present
U0304,add_to_cart,2023-06-04 21:23:00,2023-06-04,21,P024,,False,True,not_applicable
U0357,wishlist_add,2023-06-06 12:26:00,2023-06-06,12,P004,945.92,False,False,non_checkout_amount_present
U0341,login,2023-06-02 02:23:00,2023-06-02,2,P027,,False,True,not_applicable
U0317,add_to_cart,2023-06-06 07:22:00,2023-06-06,7,P023,,False,True,not_applicable
U0400,search,2023-06-05 03:12:00,2023-06-05,3,P010,,False,True,not_applicable
U0017,checkout,2023-06-02 02:31:00,2023-06-02,2,P016,,True,True,missing_checkout_amount
U0357,wishlist_add,2023-06-05 04:55:00,2023-06-05,4,P025,,False,True,not_applicable
U0326,login,2023-06-03 09:30:00,2023-06-03,9,P030,,False,True,not_applicable
U0108,search,2023-06-06 08:26:00,2023-06-06,8,P026,,False,True,not_applicable
U0269,login,2023-06-04 00:36:00,2023-06-04,0,P013,2561.86,False,False,non_checkout_amount_present
U0339,add_to_cart,2023-06-04 07:39:00,2023-06-04,7,P006,147.36,False,False,non_checkout_amount_present
U0216,logout,2023-06-02 09:11:00,2023-06-02,9,P017,2994.01,False,False,non_checkout_amount_present
U0351,login,2023-06-01 08:33:00,2023-06-01,8,P027,,False,True,not_applicable
U0279,checkout,2023-06-04 22:54:00,2023-06-04,22,P022,,True,True,missing_checkout_amount
U0238,logout,2023-06-04 04:34:00,2023-06-04,4,P022,,False,True,not_applicable
U0054,login,2023-06-05 03:16:00,2023-06-05,3,P006,,False,True,not_applicable
U0080,login,2023-06-04 16:50:00,2023-06-04,16,P027,1642.91,False,False,non_checkout_amount_present
U0388,add_to_cart,2023-06-05 11:07:00,2023-06-05,11,P006,1772.55,False,False,non_checkout_amount_present
U0384,logout,2023-06-01 14:23:00,2023-06-01,14,P011,1408.49,False,False,non_checkout_amount_present
U0282,checkout,2023-06-03 16:51:00,2023-06-03,16,P022,656.72,True,False,valid_checkout_amount
U0042,checkout,2023-06-06 07:20:00,2023-06-06,7,P022,,True,True,missing_checkout_amount
U0280,add_to_cart,2023-06-06 10:27:00,2023-06-06,10,P005,,False,True,not_applicable
U0098,checkout,2023-06-03 21:26:00,2023-06-03,21,P026,,True,True,missing_checkout_amount
U0246,profile_update,2023-06-05 12:06:00,2023-06-05,12,P003,1044.73,False,False,non_checkout_amount_present
U0310,profile_update,2023-06-05 10:53:00,2023-06-05,10,P009,,False,True,not_applicable
U0280,login,2023-06-05 20:15:00,2023-06-05,20,P002,,False,True,not_applicable
U0199,page_view,2023-06-06 16:47:00,2023-06-06,16,P014,1513.39,False,False,non_checkout_amount_present
U0269,page_view,2023-06-02 13:44:00,2023-06-02,13,P024,1984.41,False,False,non_checkout_amount_present
U0282,wishlist_add,2023-06-02 02:42:00,2023-06-02,2,P025,,False,True,not_applicable
U0141,profile_update,2023-06-04 12:17:00,2023-06-04,12,P027,,False,True,not_applicable
U0362,checkout,2023-06-06 01:52:00,2023-06-06,1,P024,,True,True,missing_checkout_amount
U0396,add_to_cart,2023-06-02 03:42:00,2023-06-02,3,P015,1051.67,False,False,non_checkout_amount_present
U0173,wishlist_add,2023-06-05 09:41:00,2023-06-05,9,P029,,False,True,not_applicable
U0045,login,2023-06-02 10:50:00,2023-06-02,10,P010,2850.12,False,False,non_checkout_amount_present
U0324,login,2023-06-01 17:50:00,2023-06-01,17,P028,992.72,False,False,non_checkout_amount_present
U0046,checkout,2023-06-03 07:55:00,2023-06-03,7,P019,2773.79,True,False,valid_checkout_amount
U0007,search,2023-06-04 10:42:00,2023-06-04,10,P019,,False,True,not_applicable
U0320,page_view,2023-06-02 22:44:00,2023-06-02,22,P007,2722.57,False,False,non_checkout_amount_present
U0227,page_view,2023-06-04 07:10:00,2023-06-04,7,P006,1702.09,False,False,non_checkout_amount_present
U0307,wishlist_add,2023-06-02 22:46:00,2023-06-02,22,P012,2804.69,False,False,non_checkout_amount_present
U0337,login,2023-06-05 05:32:00,2023-06-05,5,P009,,False,True,not_applicable
U0066,page_view,2023-06-03 14:00:00,2023-06-03,14,P015,,False,True,not_applicable
U0336,profile_update,2023-06-05 04:11:00,2023-06-05,4,P023,1791.87,False,False,non_checkout_amount_present
U0010,search,2023-06-06 11:55:00,2023-06-06,11,P004,,False,True,not_applicable
U0116,add_to_cart,2023-06-02 13:27:00,2023-06-02,13,P009,2677.38,False,False,non_checkout_amount_present
U0019,login,2023-06-03 10:12:00,2023-06-03,10,P029,,False,True,not_applicable
U0039,wishlist_add,2023-06-05 19:15:00,2023-06-05,19,P003,,False,True,not_applicable
U0361,logout,2023-06-03 15:43:00,2023-06-03,15,P013,,False,True,not_applicable
U0212,search,2023-06-06 10:33:00,2023-06-06,10,P026,,False,True,not_applicable
U0260,wishlist_add,2023-06-03 13:14:00,2023-06-03,13,P024,,False,True,not_applicable
U0294,login,2023-06-05 12:01:00,2023-06-05,12,P014,2690.08,False,False,non_checkout_amount_present
U0033,search,2023-06-05 06:41:00,2023-06-05,6,P030,2266.77,False,False,non_checkout_amount_present
U0382,wishlist_add,2023-06-02 10:16:00,2023-06-02,10,P028,,False,True,not_applicable
U0326,wishlist_add,2023-06-05 22:05:00,2023-06-05,22,P002,,False,True,not_applicable
U0206,login,2023-06-03 01:54:00,2023-06-03,1,P015,2772.4,False,False,non_checkout_amount_present
U0360,logout,2023-06-05 20:01:00,2023-06-05,20,P014,,False,True,not_applicable
U0235,page_view,2023-06-01 19:46:00,2023-06-01,19,P011,,False,True,not_applicable
U0012,search,2023-06-05 19:14:00,2023-06-05,19,P027,2089.6,False,False,non_checkout_amount_present
U0101,search,2023-06-03 17:19:00,2023-06-03,17,P010,1664.42,False,False,non_checkout_amount_present
U0096,logout,2023-06-04 11:08:00,2023-06-04,11,P025,2326.66,False,False,non_checkout_amount_present
U0070,checkout,2023-06-01 13:49:00,2023-06-01,13,P030,,True,True,missing_checkout_amount
U0392,page_view,2023-06-01 16:28:00,2023-06-01,16,P018,1555.41,False,False,non_checkout_amount_present
U0385,page_view,2023-06-04 15:55:00,2023-06-04,15,P025,2763.18,False,False,non_checkout_amount_present
U0034,logout,2023-06-01 19:47:00,2023-06-01,19,P009,,False,True,not_applicable
U0316,wishlist_add,2023-06-02 03:34:00,2023-06-02,3,P016,,False,True,not_applicable
U0370,add_to_cart,2023-06-05 16:38:00,2023-06-05,16,P027,,False,True,not_applicable
U0050,search,2023-06-05 09:32:00,2023-06-05,9,P024,,False,True,not_applicable
U0217,search,2023-06-05 00:19:00,2023-06-05,0,P018,,False,True,not_applicable
U0054,page_view,2023-06-05 04:49:00,2023-06-05,4,P006,,False,True,not_applicable
U0364,wishlist_add,2023-06-03 20:23:00,2023-06-03,20,P029,,False,True,not_applicable
U0383,checkout,2023-06-01 17:12:00,2023-06-01,17,P014,238.02,True,False,valid_checkout_amount
U0329,page_view,2023-06-01 11:16:00,2023-06-01,11,P018,,False,True,not_applicable
U0238,search,2023-06-01 14:05:00,2023-06-01,14,P021,,False,True,not_applicable
U0156,search,2023-06-03 16:06:00,2023-06-03,16,P007,,False,True,not_applicable
U0165,checkout,2023-06-06 17:46:00,2023-06-06,17,P028,125.36,True,False,valid_checkout_amount
U0045,profile_update,2023-06-04 08:28:00,2023-06-04,8,P030,,False,True,not_applicable
U0302,login,2023-06-01 17:41:00,2023-06-01,17,P003,,False,True,not_applicable
U0297,wishlist_add,2023-06-04 10:26:00,2023-06-04,10,P008,2533.16,False,False,non_checkout_amount_present
U0331,search,2023-06-02 20:50:00,2023-06-02,20,P007,,False,True,not_applicable
U0379,page_view,2023-06-04 13:05:00,2023-06-04,13,P010,,False,True,not_applicable
U0248,logout,2023-06-06 16:16:00,2023-06-06,16,P014,1498.7,False,False,non_checkout_amount_present
U0142,checkout,2023-06-01 17:31:00,2023-06-01,17,P027,,True,True,missing_checkout_amount
U0142,login,2023-06-01 09:54:00,2023-06-01,9,P009,,False,True,not_applicable
U0192,profile_update,2023-06-02 13:45:00,2023-06-02,13,P018,2545.69,False,False,non_checkout_amount_present
U0008,logout,2023-06-06 17:27:00,2023-06-06,17,P007,651.23,False,False,non_checkout_amount_present
U0030,login,2023-06-06 03:52:00,2023-06-06,3,P028,,False,True,not_applicable
U0393,search,2023-06-05 02:21:00,2023-06-05,2,P020,,False,True,not_applicable
U0161,login,2023-06-05 19:51:00,2023-06-05,19,P007,2716.87,False,False,non_checkout_amount_present
U0211,search,2023-06-05 05:09:00,2023-06-05,5,P017,,False,True,not_applicable
U0308,login,2023-06-05 13:15:00,2023-06-05,13,P006,527.89,False,False,non_checkout_amount_present
U0350,logout,2023-06-06 14:29:00,2023-06-06,14,P027,558.75,False,False,non_checkout_amount_present
U0195,add_to_cart,2023-06-05 04:45:00,2023-06-05,4,P009,,False,True,not_applicable
U0081,search,2023-06-04 09:06:00,2023-06-04,9,P015,488.78,False,False,non_checkout_amount_present
U0093,profile_update,2023-06-04 15:01:00,2023-06-04,15,P007,,False,True,not_applicable
U0203,logout,2023-06-04 10:28:00,2023-06-04,10,P023,1460.25,False,False,non_checkout_amount_present
U0291,profile_update,2023-06-06 14:57:00,2023-06-06,14,P007,,False,True,not_applicable
U0036,add_to_cart,2023-06-02 13:56:00,2023-06-02,13,P010,2294.73,False,False,non_checkout_amount_present
U0019,checkout,2023-06-04 11:40:00,2023-06-04,11,P022,2149.41,True,False,valid_checkout_amount
U0373,checkout,2023-06-01 19:56:00,2023-06-01,19,P001,,True,True,missing_checkout_amount
U0099,page_view,2023-06-06 18:16:00,2023-06-06,18,P001,1546.27,False,False,non_checkout_amount_present
U0334,checkout,2023-06-05 07:27:00,2023-06-05,7,P025,,True,True,missing_checkout_amount
U0105,page_view,2023-06-03 23:36:00,2023-06-03,23,P015,,False,True,not_applicable
U0303,login,2023-06-05 13:12:00,2023-06-05,13,P006,,False,True,not_applicable
U0366,login,2023-06-04 17:08:00,2023-06-04,17,P016,,False,True,not_applicable
U0155,wishlist_add,2023-06-03 15:39:00,2023-06-03,15,P007,,False,True,not_applicable
U0272,profile_update,2023-06-03 01:45:00,2023-06-03,1,P009,,False,True,not_applicable
U0075,add_to_cart,2023-06-02 00:20:00,2023-06-02,0,P020,885.17,False,False,non_checkout_amount_present
U0012,checkout,2023-06-04 21:51:00,2023-06-04,21,P017,2935.34,True,False,valid_checkout_amount
U0335,login,2023-06-04 08:00:00,2023-06-04,8,P030,2720.23,False,False,non_checkout_amount_present
U0382,logout,2023-06-05 10:15:00,2023-06-05,10,P019,731.97,False,False,non_checkout_amount_present
U0343,search,2023-06-05 15:02:00,2023-06-05,15,P011,,False,True,not_applicable
U0064,profile_update,2023-06-02 02:59:00,2023-06-02,2,P025,2530.29,False,False,non_checkout_amount_present
U0007,page_view,2023-06-02 14:06:00,2023-06-02,14,P011,1591.4,False,False,non_checkout_amount_present
U0182,search,2023-06-06 10:19:00,2023-06-06,10,P026,318.63,False,False,non_checkout_amount_present
U0385,page_view,2023-06-05 06:38:00,2023-06-05,6,P010,471.44,False,False,non_checkout_amount_present
U0143,wishlist_add,2023-06-05 15:08:00,2023-06-05,15,P028,2592.39,False,False,non_checkout_amount_present
U0367,wishlist_add,2023-06-02 23:39:00,2023-06-02,23,P017,,False,True,not_applicable
U0036,wishlist_add,2023-06-03 05:50:00,2023-06-03,5,P008,1920.37,False,False,non_checkout_amount_present
U0118,search,2023-06-04 07:09:00,2023-06-04,7,P004,,False,True,not_applicable
U0042,search,2023-06-04 10:26:00,2023-06-04,10,P008,,False,True,not_applicable
U0066,login,2023-06-06 08:58:00,2023-06-06,8,P024,,False,True,not_applicable
U0132,page_view,2023-06-04 18:04:00,2023-06-04,18,P009,1879.49,False,False,non_checkout_amount_present
U0124,search,2023-06-02 19:39:00,2023-06-02,19,P007,2374.79,False,False,non_checkout_amount_present
U0102,login,2023-06-01 11:25:00,2023-06-01,11,P009,,False,True,not_applicable
U0273,add_to_cart,2023-06-01 23:14:00,2023-06-01,23,P021,2111.26,False,False,non_checkout_amount_present
U0176,search,2023-06-06 19:36:00,2023-06-06,19,P010,,False,True,not_applicable
U0018,checkout,2023-06-04 20:58:00,2023-06-04,20,P007,1204.46,True,False,valid_checkout_amount
U0204,login,2023-06-05 17:50:00,2023-06-05,17,P025,,False,True,not_applicable
U0029,checkout,2023-06-02 14:08:00,2023-06-02,14,P011,1766.85,True,False,valid_checkout_amount
U0368,wishlist_add,2023-06-05 20:44:00,2023-06-05,20,P010,,False,True,not_applicable
U0099,checkout,2023-06-01 12:38:00,2023-06-01,12,P011,1269.79,True,False,valid_checkout_amount
U0155,page_view,2023-06-05 02:22:00,2023-06-05,2,P018,2352.99,False,False,non_checkout_amount_present
U0055,checkout,2023-06-05 12:24:00,2023-06-05,12,P011,349.99,True,False,valid_checkout_amount
U0388,profile_update,2023-06-01 10:37:00,2023-06-01,10,P012,2179.23,False,False,non_checkout_amount_present
U0024,wishlist_add,2023-06-05 08:18:00,2023-06-05,8,P018,,False,True,not_applicable
U0313,profile_update,2023-06-03 09:29:00,2023-06-03,9,P022,1288.79,False,False,non_checkout_amount_present
U0318,checkout,2023-06-06 00:48:00,2023-06-06,0,P004,,True,True,missing_checkout_amount
U0395,logout,2023-06-03 07:35:00,2023-06-03,7,P021,,False,True,not_applicable
U0382,checkout,2023-06-04 16:38:00,2023-06-04,16,P015,2928.35,True,False,valid_checkout_amount
U0156,add_to_cart,2023-06-03 03:09:00,2023-06-03,3,P003,,False,True,not_applicable
U0194,checkout,2023-06-04 05:35:00,2023-06-04,5,P021,,True,True,missing_checkout_amount
U0123,profile_update,2023-06-04 01:08:00,2023-06-04,1,P013,1661.57,False,False,non_checkout_amount_present
U0359,wishlist_add,2023-06-02 12:27:00,2023-06-02,12,P018,1593.37,False,False,non_checkout_amount_present
U0129,profile_update,2023-06-01 12:18:00,2023-06-01,12,P009,2164.56,False,False,non_checkout_amount_present
U0293,profile_update,2023-06-03 21:26:00,2023-06-03,21,P013,836.74,False,False,non_checkout_amount_present
U0342,login,2023-06-02 23:14:00,2023-06-02,23,P003,,False,True,not_applicable
U0299,add_to_cart,2023-06-03 18:23:00,2023-06-03,18,P027,,False,True,not_applicable
U0240,page_view,2023-06-02 07:41:00,2023-06-02,7,P008,,False,True,not_applicable
U0061,checkout,2023-06-05 11:29:00,2023-06-05,11,P030,,True,True,missing_checkout_amount
U0177,profile_update,2023-06-06 13:14:00,2023-06-06,13,P029,,False,True,not_applicable
U0041,add_to_cart,2023-06-05 11:34:00,2023-06-05,11,P006,1224.35,False,False,non_checkout_amount_present
U0227,profile_update,2023-06-05 03:48:00,2023-06-05,3,P019,,False,True,not_applicable
U0223,search,2023-06-06 17:14:00,2023-06-06,17,P007,,False,True,not_applicable
U0059,wishlist_add,2023-06-04 04:33:00,2023-06-04,4,P027,1233.09,False,False,non_checkout_amount_present
U0180,checkout,2023-06-02 20:40:00,2023-06-02,20,P013,,True,True,missing_checkout_amount
U0256,add_to_cart,2023-06-05 09:04:00,2023-06-05,9,P025,2589.5,False,False,non_checkout_amount_present
U0178,add_to_cart,2023-06-02 06:02:00,2023-06-02,6,P014,2160.46,False,False,non_checkout_amount_present
U0342,checkout,2023-06-03 19:44:00,2023-06-03,19,P013,2196.49,True,False,valid_checkout_amount
U0065,wishlist_add,2023-06-05 00:11:00,2023-06-05,0,P028,298.22,False,False,non_checkout_amount_present
U0164,page_view,2023-06-05 13:34:00,2023-06-05,13,P015,,False,True,not_applicable
U0191,wishlist_add,2023-06-06 02:51:00,2023-06-06,2,P011,,False,True,not_applicable
U0198,profile_update,2023-06-02 06:05:00,2023-06-02,6,P006,1175.8,False,False,non_checkout_amount_present
U0223,checkout,2023-06-02 20:02:00,2023-06-02,20,P021,,True,True,missing_checkout_amount
U0160,wishlist_add,2023-06-02 09:55:00,2023-06-02,9,P006,2471.81,False,False,non_checkout_amount_present
U0023,logout,2023-06-06 08:50:00,2023-06-06,8,P012,1429.68,False,False,non_checkout_amount_present
U0267,profile_update,2023-06-02 05:22:00,2023-06-02,5,P030,,False,True,not_applicable
U0347,add_to_cart,2023-06-06 09:55:00,2023-06-06,9,P005,,False,True,not_applicable
U0070,search,2023-06-06 05:34:00,2023-06-06,5,P020,,False,True,not_applicable
U0121,add_to_cart,2023-06-01 16:12:00,2023-06-01,16,P018,,False,True,not_applicable
U0201,search,2023-06-02 17:29:00,2023-06-02,17,P002,1709.63,False,False,non_checkout_amount_present
U0104,page_view,2023-06-04 15:28:00,2023-06-04,15,P008,1429.51,False,False,non_checkout_amount_present
U0127,page_view,2023-06-05 11:40:00,2023-06-05,11,P030,,False,True,not_applicable
U0149,search,2023-06-05 18:15:00,2023-06-05,18,P010,,False,True,not_applicable
U0043,wishlist_add,2023-06-04 10:28:00,2023-06-04,10,P013,,False,True,not_applicable
U0115,add_to_cart,2023-06-05 04:21:00,2023-06-05,4,P005,2361.07,False,False,non_checkout_amount_present
U0178,page_view,2023-06-06 11:25:00,2023-06-06,11,P011,,False,True,not_applicable
U0105,profile_update,2023-06-03 08:49:00,2023-06-03,8,P014,,False,True,not_applicable
U0078,add_to_cart,2023-06-03 17:13:00,2023-06-03,17,P011,2743.28,False,False,non_checkout_amount_present
U0268,search,2023-06-05 16:34:00,2023-06-05,16,P011,1740.79,False,False,non_checkout_amount_present
U0313,add_to_cart,2023-06-04 04:09:00,2023-06-04,4,P014,,False,True,not_applicable
U0280,wishlist_add,2023-06-01 18:01:00,2023-06-01,18,P023,,False,True,not_applicable
U0152,page_view,2023-06-03 00:23:00,2023-06-03,0,P027,1227.04,False,False,non_checkout_amount_present
U0361,search,2023-06-03 02:59:00,2023-06-03,2,P012,,False,True,not_applicable
U0365,wishlist_add,2023-06-02 10:14:00,2023-06-02,10,P019,1732.38,False,False,non_checkout_amount_present
U0189,add_to_cart,2023-06-03 23:27:00,2023-06-03,23,P001,,False,True,not_applicable
U0050,login,2023-06-01 13:47:00,2023-06-01,13,P011,220.81,False,False,non_checkout_amount_present
U0067,search,2023-06-01 18:43:00,2023-06-01,18,P026,172.4,False,False,non_checkout_amount_present
U0253,search,2023-06-05 06:44:00,2023-06-05,6,P016,,False,True,not_applicable
U0141,logout,2023-06-06 04:28:00,2023-06-06,4,P015,2928.49,False,False,non_checkout_amount_present
U0053,logout,2023-06-05 23:29:00,2023-06-05,23,P010,176.3,False,False,non_checkout_amount_present
U0239,search,2023-06-01 15:46:00,2023-06-01,15,P030,,False,True,not_applicable
U0366,logout,2023-06-04 07:36:00,2023-06-04,7,P005,654.16,False,False,non_checkout_amount_present
U0122,add_to_cart,2023-06-05 18:05:00,2023-06-05,18,P024,1507.99,False,False,non_checkout_amount_present
U0185,login,2023-06-01 16:00:00,2023-06-01,16,P019,1061.97,False,False,non_checkout_amount_present
U0302,login,2023-06-03 19:33:00,2023-06-03,19,P013,918.24,False,False,non_checkout_amount_present
U0279,page_view,2023-06-02 00:31:00,2023-06-02,0,P026,529.28,False,False,non_checkout_amount_present
U0278,page_view,2023-06-02 21:03:00,2023-06-02,21,P004,,False,True,not_applicable
U0395,login,2023-06-02 00:41:00,2023-06-02,0,P030,918.25,False,False,non_checkout_amount_present
U0148,login,2023-06-02 13:46:00,2023-06-02,13,P015,2637.74,False,False,non_checkout_amount_present
U0156,wishlist_add,2023-06-04 17:14:00,2023-06-04,17,P024,1978.14,False,False,non_checkout_amount_present
U0368,add_to_cart,2023-06-06 12:25:00,2023-06-06,12,P001,2237.22,False,False,non_checkout_amount_present
U0319,add_to_cart,2023-06-05 00:52:00,2023-06-05,0,P010,1075.83,False,False,non_checkout_amount_present
U0188,login,2023-06-02 04:41:00,2023-06-02,4,P030,1857.76,False,False,non_checkout_amount_present
U0023,add_to_cart,2023-06-04 08:03:00,2023-06-04,8,P030,1900.62,False,False,non_checkout_amount_present
U0278,add_to_cart,2023-06-02 02:29:00,2023-06-02,2,P010,,False,True,not_applicable
U0078,checkout,2023-06-04 21:31:00,2023-06-04,21,P025,594.83,True,False,valid_checkout_amount
U0312,login,2023-06-02 01:08:00,2023-06-02,1,P017,556.1,False,False,non_checkout_amount_present
U0154,wishlist_add,2023-06-02 06:13:00,2023-06-02,6,P020,1441.72,False,False,non_checkout_amount_present
U0368,login,2023-06-03 11:31:00,2023-06-03,11,P017,,False,True,not_applicable
U0088,search,2023-06-05 09:32:00,2023-06-05,9,P017,,False,True,not_applicable
U0024,search,2023-06-02 11:00:00,2023-06-02,11,P008,2856.8,False,False,non_checkout_amount_present
U0025,login,2023-06-05 12:40:00,2023-06-05,12,P030,,False,True,not_applicable
U0194,add_to_cart,2023-06-01 15:42:00,2023-06-01,15,P028,,False,True,not_applicable
U0138,profile_update,2023-06-01 17:16:00,2023-06-01,17,P014,2947.68,False,False,non_checkout_amount_present
U0107,checkout,2023-06-06 02:44:00,2023-06-06,2,P030,,True,True,missing_checkout_amount
U0189,wishlist_add,2023-06-02 00:13:00,2023-06-02,0,P030,501.66,False,False,non_checkout_amount_present
U0130,add_to_cart,2023-06-04 22:51:00,2023-06-04,22,P025,,False,True,not_applicable
U0063,profile_update,2023-06-06 19:41:00,2023-06-06,19,P017,,False,True,not_applicable
U0227,logout,2023-06-06 08:31:00,2023-06-06,8,P030,,False,True,not_applicable
U0198,page_view,2023-06-03 00:22:00,2023-06-03,0,P001,2257.33,False,False,non_checkout_amount_present
U0090,add_to_cart,2023-06-02 09:59:00,2023-06-02,9,P011,,False,True,not_applicable
U0126,checkout,2023-06-04 03:53:00,2023-06-04,3,P011,188.77,True,False,valid_checkout_amount
U0080,search,2023-06-02 22:25:00,2023-06-02,22,P013,2627.84,False,False,non_checkout_amount_present
U0238,profile_update,2023-06-04 06:42:00,2023-06-04,6,P028,2287.7,False,False,non_checkout_amount_present
U0191,logout,2023-06-03 11:43:00,2023-06-03,11,P026,,False,True,not_applicable
U0331,add_to_cart,2023-06-06 02:22:00,2023-06-06,2,P012,,False,True,not_applicable
U0133,checkout,2023-06-03 05:07:00,2023-06-03,5,P024,1913.72,True,False,valid_checkout_amount
U0243,login,2023-06-05 06:19:00,2023-06-05,6,P012,1519.71,False,False,non_checkout_amount_present
U0161,profile_update,2023-06-06 15:05:00,2023-06-06,15,P001,605.13,False,False,non_checkout_amount_present
U0096,page_view,2023-06-04 00:47:00,2023-06-04,0,P017,,False,True,not_applicable
U0304,profile_update,2023-06-05 01:00:00,2023-06-05,1,P012,289.43,False,False,non_checkout_amount_present
U0003,profile_update,2023-06-05 12:58:00,2023-06-05,12,P005,,False,True,not_applicable
U0095,add_to_cart,2023-06-05 23:39:00,2023-06-05,23,P004,,False,True,not_applicable
U0349,add_to_cart,2023-06-02 10:17:00,2023-06-02,10,P002,,False,True,not_applicable
U0132,checkout,2023-06-03 21:28:00,2023-06-03,21,P016,2025.29,True,False,valid_checkout_amount
U0008,logout,2023-06-04 15:45:00,2023-06-04,15,P021,640.92,False,False,non_checkout_amount_present
U0346,login,2023-06-06 02:08:00,2023-06-06,2,P019,1731.68,False,False,non_checkout_amount_present
U0140,profile_update,2023-06-06 10:49:00,2023-06-06,10,P009,,False,True,not_applicable
U0373,search,2023-06-02 10:38:00,2023-06-02,10,P028,1823.95,False,False,non_checkout_amount_present
U0224,profile_update,2023-06-05 02:11:00,2023-06-05,2,P017,1540.9,False,False,non_checkout_amount_present
U0039,page_view,2023-06-04 18:24:00,2023-06-04,18,P021,,False,True,not_applicable
U0270,search,2023-06-06 01:57:00,2023-06-06,1,P018,,False,True,not_applicable
U0104,logout,2023-06-06 19:36:00,2023-06-06,19,P008,474.5,False,False,non_checkout_amount_present
U0128,page_view,2023-06-05 02:22:00,2023-06-05,2,P014,1670.62,False,False,non_checkout_amount_present
U0382,logout,2023-06-03 00:46:00,2023-06-03,0,P023,,False,True,not_applicable
U0278,search,2023-06-04 20:04:00,2023-06-04,20,P021,1011.1,False,False,non_checkout_amount_present
U0081,wishlist_add,2023-06-03 02:51:00,2023-06-03,2,P026,398.75,False,False,non_checkout_amount_present
U0084,logout,2023-06-02 15:10:00,2023-06-02,15,P018,,False,True,not_applicable
U0232,logout,2023-06-01 19:22:00,2023-06-01,19,P013,2743.59,False,False,non_checkout_amount_present
U0132,wishlist_add,2023-06-02 03:24:00,2023-06-02,3,P013,1820.4,False,False,non_checkout_amount_present
U0194,add_to_cart,2023-06-06 02:53:00,2023-06-06,2,P017,,False,True,not_applicable
U0079,page_view,2023-06-05 16:45:00,2023-06-05,16,P013,,False,True,not_applicable
U0098,add_to_cart,2023-06-04 02:50:00,2023-06-04,2,P027,223.63,False,False,non_checkout_amount_present
U0317,logout,2023-06-03 02:39:00,2023-06-03,2,P019,876.79,False,False,non_checkout_amount_present
U0092,wishlist_add,2023-06-05 23:56:00,2023-06-05,23,P027,2411.61,False,False,non_checkout_amount_present
U0071,profile_update,2023-06-02 06:07:00,2023-06-02,6,P006,,False,True,not_applicable
U0275,logout,2023-06-04 06:04:00,2023-06-04,6,P014,1347.97,False,False,non_checkout_amount_present
U0215,logout,2023-06-04 17:55:00,2023-06-04,17,P021,,False,True,not_applicable
U0281,logout,2023-06-05 13:02:00,2023-06-05,13,P001,1003.65,False,False,non_checkout_amount_present
U0030,logout,2023-06-06 19:34:00,2023-06-06,19,P022,906.44,False,False,non_checkout_amount_present
U0114,profile_update,2023-06-03 21:35:00,2023-06-03,21,P005,2196.32,False,False,non_checkout_amount_present
U0194,search,2023-06-01 20:54:00,2023-06-01,20,P007,2777.57,False,False,non_checkout_amount_present
U0305,wishlist_add,2023-06-03 20:11:00,2023-06-03,20,P006,368.42,False,False,non_checkout_amount_present
U0243,add_to_cart,2023-06-06 08:54:00,2023-06-06,8,P020,402.91,False,False,non_checkout_amount_present
U0048,add_to_cart,2023-06-06 07:17:00,2023-06-06,7,P024,,False,True,not_applicable
U0143,checkout,2023-06-06 00:40:00,2023-06-06,0,P021,,True,True,missing_checkout_amount
U0315,checkout,2023-06-02 16:36:00,2023-06-02,16,P005,2021.23,True,False,valid_checkout_amount
U0292,checkout,2023-06-03 04:38:00,2023-06-03,4,P017,1207.6,True,False,valid_checkout_amount
U0195,page_view,2023-06-05 14:05:00,2023-06-05,14,P015,2185.6,False,False,non_checkout_amount_present
U0181,profile_update,2023-06-04 11:47:00,2023-06-04,11,P026,,False,True,not_applicable
U0289,wishlist_add,2023-06-01 08:28:00,2023-06-01,8,P017,,False,True,not_applicable
U0253,checkout,2023-06-06 14:20:00,2023-06-06,14,P004,,True,True,missing_checkout_amount
U0265,profile_update,2023-06-06 08:50:00,2023-06-06,8,P001,,False,True,not_applicable
U0111,logout,2023-06-05 17:33:00,2023-06-05,17,P028,2054.28,False,False,non_checkout_amount_present
U0207,profile_update,2023-06-05 04:57:00,2023-06-05,4,P003,593.27,False,False,non_checkout_amount_present
U0215,wishlist_add,2023-06-04 09:25:00,2023-06-04,9,P015,1944.12,False,False,non_checkout_amount_present
U0207,add_to_cart,2023-06-06 05:33:00,2023-06-06,5,P010,1031.94,False,False,non_checkout_amount_present
U0386,profile_update,2023-06-04 21:05:00,2023-06-04,21,P022,,False,True,not_applicable
U0293,checkout,2023-06-04 23:02:00,2023-06-04,23,P010,,True,True,missing_checkout_amount
U0279,checkout,2023-06-06 02:28:00,2023-06-06,2,P007,,True,True,missing_checkout_amount
U0118,profile_update,2023-06-02 01:27:00,2023-06-02,1,P004,,False,True,not_applicable
U0236,add_to_cart,2023-06-01 11:49:00,2023-06-01,11,P001,,False,True,not_applicable
U0392,logout,2023-06-05 22:30:00,2023-06-05,22,P022,2580.84,False,False,non_checkout_amount_present
U0068,login,2023-06-06 13:15:00,2023-06-06,13,P010,1247.75,False,False,non_checkout_amount_present
U0229,profile_update,2023-06-03 00:28:00,2023-06-03,0,P003,,False,True,not_applicable
U0298,add_to_cart,2023-06-05 18:43:00,2023-06-05,18,P020,2928.89,False,False,non_checkout_amount_present
U0160,checkout,2023-06-04 08:25:00,2023-06-04,8,P006,,True,True,missing_checkout_amount
U0170,page_view,2023-06-06 15:04:00,2023-06-06,15,P020,,False,True,not_applicable
U0074,profile_update,2023-06-05 12:48:00,2023-06-05,12,P003,1470.82,False,False,non_checkout_amount_present
U0372,wishlist_add,2023-06-01 12:47:00,2023-06-01,12,P027,2427.35,False,False,non_checkout_amount_present
U0033,logout,2023-06-04 23:15:00,2023-06-04,23,P002,,False,True,not_applicable
U0366,login,2023-06-04 14:07:00,2023-06-04,14,P017,,False,True,not_applicable
U0350,login,2023-06-04 21:45:00,2023-06-04,21,P019,,False,True,not_applicable
U0247,add_to_cart,2023-06-06 02:06:00,2023-06-06,2,P025,,False,True,not_applicable
U0376,wishlist_add,2023-06-02 08:13:00,2023-06-02,8,P025,,False,True,not_applicable
U0347,page_view,2023-06-05 01:00:00,2023-06-05,1,P005,,False,True,not_applicable
U0186,page_view,2023-06-03 17:04:00,2023-06-03,17,P023,1858.0,False,False,non_checkout_amount_present
U0276,add_to_cart,2023-06-05 08:30:00,2023-06-05,8,P014,,False,True,not_applicable
U0076,profile_update,2023-06-06 13:05:00,2023-06-06,13,P021,1473.92,False,False,non_checkout_amount_present
U0222,login,2023-06-03 05:59:00,2023-06-03,5,P003,602.12,False,False,non_checkout_amount_present
U0243,profile_update,2023-06-06 11:08:00,2023-06-06,11,P006,2994.65,False,False,non_checkout_amount_present
U0239,checkout,2023-06-02 15:38:00,2023-06-02,15,P030,,True,True,missing_checkout_amount
U0241,login,2023-06-02 21:19:00,2023-06-02,21,P003,,False,True,not_applicable
U0066,logout,2023-06-04 14:23:00,2023-06-04,14,P026,,False,True,not_applicable
U0038,search,2023-06-03 15:19:00,2023-06-03,15,P030,1080.93,False,False,non_checkout_amount_present
U0106,checkout,2023-06-01 14:55:00,2023-06-01,14,P004,748.52,True,False,valid_checkout_amount
U0103,add_to_cart,2023-06-02 21:35:00,2023-06-02,21,P027,,False,True,not_applicable
U0272,profile_update,2023-06-06 11:49:00,2023-06-06,11,P027,,False,True,not_applicable
U0090,search,2023-06-04 02:52:00,2023-06-04,2,P007,,False,True,not_applicable
U0321,profile_update,2023-06-03 18:37:00,2023-06-03,18,P008,1212.53,False,False,non_checkout_amount_present
U0238,add_to_cart,2023-06-03 02:39:00,2023-06-03,2,P015,,False,True,not_applicable
U0317,page_view,2023-06-02 08:08:00,2023-06-02,8,P018,1580.27,False,False,non_checkout_amount_present
U0376,add_to_cart,2023-06-04 15:48:00,2023-06-04,15,P019,2925.51,False,False,non_checkout_amount_present
U0216,search,2023-06-01 17:38:00,2023-06-01,17,P014,2993.67,False,False,non_checkout_amount_present
U0200,checkout,2023-06-01 20:14:00,2023-06-01,20,P021,2299.88,True,False,valid_checkout_amount
U0355,search,2023-06-06 13:59:00,2023-06-06,13,P022,2222.99,False,False,non_checkout_amount_present
U0202,search,2023-06-04 07:54:00,2023-06-04,7,P015,,False,True,not_applicable
U0155,logout,2023-06-03 14:19:00,2023-06-03,14,P022,515.32,False,False,non_checkout_amount_present
U0152,search,2023-06-02 05:54:00,2023-06-02,5,P023,2346.28,False,False,non_checkout_amount_present
U0214,page_view,2023-06-05 12:57:00,2023-06-05,12,P010,1723.9,False,False,non_checkout_amount_present
U0308,checkout,2023-06-04 09:07:00,2023-06-04,9,P014,1737.31,True,False,valid_checkout_amount
U0051,page_view,2023-06-01 15:48:00,2023-06-01,15,P018,,False,True,not_applicable
U0107,login,2023-06-06 06:13:00,2023-06-06,6,P003,,False,True,not_applicable
U0046,profile_update,2023-06-03 19:35:00,2023-06-03,19,P019,2390.05,False,False,non_checkout_amount_present
U0087,profile_update,2023-06-06 12:02:00,2023-06-06,12,P006,2911.01,False,False,non_checkout_amount_present
U0162,profile_update,2023-06-04 06:41:00,2023-06-04,6,P012,,False,True,not_applicable
U0024,login,2023-06-04 21:06:00,2023-06-04,21,P021,,False,True,not_applicable
U0122,logout,2023-06-04 08:51:00,2023-06-04,8,P009,,False,True,not_applicable
U0125,login,2023-06-04 06:35:00,2023-06-04,6,P011,493.32,False,False,non_checkout_amount_present
U0117,add_to_cart,2023-06-04 21:29:00,2023-06-04,21,P022,,False,True,not_applicable
U0128,checkout,2023-06-04 06:36:00,2023-06-04,6,P024,876.93,True,False,valid_checkout_amount
U0289,page_view,2023-06-05 19:57:00,2023-06-05,19,P017,2919.08,False,False,non_checkout_amount_present
U0214,add_to_cart,2023-06-06 10:28:00,2023-06-06,10,P002,,False,True,not_applicable
U0202,login,2023-06-04 09:21:00,2023-06-04,9,P025,,False,True,not_applicable
U0040,login,2023-06-04 15:34:00,2023-06-04,15,P003,2217.16,False,False,non_checkout_amount_present
U0304,checkout,2023-06-04 01:30:00,2023-06-04,1,P010,,True,True,missing_checkout_amount
U0022,profile_update,2023-06-01 09:08:00,2023-06-01,9,P028,,False,True,not_applicable
U0010,profile_update,2023-06-05 23:11:00,2023-06-05,23,P009,2812.23,False,False,non_checkout_amount_present
U0383,profile_update,2023-06-01 22:14:00,2023-06-01,22,P030,2912.04,False,False,non_checkout_amount_present
U0372,wishlist_add,2023-06-01 20:22:00,2023-06-01,20,P015,984.18,False,False,non_checkout_amount_present
U0200,search,2023-06-06 08:15:00,2023-06-06,8,P015,2174.57,False,False,non_checkout_amount_present
U0309,checkout,2023-06-03 01:42:00,2023-06-03,1,P025,,True,True,missing_checkout_amount
U0136,login,2023-06-04 07:56:00,2023-06-04,7,P003,,False,True,not_applicable
U0358,checkout,2023-06-03 19:48:00,2023-06-03,19,P016,2844.49,True,False,valid_checkout_amount
U0111,login,2023-06-03 20:57:00,2023-06-03,20,P017,1467.93,False,False,non_checkout_amount_present
U0106,logout,2023-06-06 02:53:00,2023-06-06,2,P021,,False,True,not_applicable
U0327,login,2023-06-06 00:18:00,2023-06-06,0,P024,,False,True,not_applicable
U0014,search,2023-06-02 18:01:00,2023-06-02,18,P015,2535.34,False,False,non_checkout_amount_present
U0306,checkout,2023-06-03 03:22:00,2023-06-03,3,P009,,True,True,missing_checkout_amount
U0073,search,2023-06-04 18:31:00,2023-06-04,18,P009,,False,True,not_applicable
U0128,page_view,2023-06-05 04:43:00,2023-06-05,4,P021,,False,True,not_applicable
U0303,add_to_cart,2023-06-01 14:46:00,2023-06-01,14,P002,,False,True,not_applicable
U0041,checkout,2023-06-05 21:54:00,2023-06-05,21,P008,,True,True,missing_checkout_amount
U0180,add_to_cart,2023-06-03 13:13:00,2023-06-03,13,P016,,False,True,not_applicable
U0282,login,2023-06-03 07:34:00,2023-06-03,7,P017,1902.84,False,False,non_checkout_amount_present
U0206,checkout,2023-06-05 09:34:00,2023-06-05,9,P028,,True,True,missing_checkout_amount
U0132,page_view,2023-06-04 07:25:00,2023-06-04,7,P024,103.35,False,False,non_checkout_amount_present
U0130,wishlist_add,2023-06-06 08:31:00,2023-06-06,8,P006,,False,True,not_applicable
U0291,logout,2023-06-03 19:59:00,2023-06-03,19,P023,,False,True,not_applicable
U0092,checkout,2023-06-02 07:42:00,2023-06-02,7,P013,,True,True,missing_checkout_amount
U0269,search,2023-06-05 03:44:00,2023-06-05,3,P026,,False,True,not_applicable
U0039,wishlist_add,2023-06-03 05:34:00,2023-06-03,5,P003,1791.99,False,False,non_checkout_amount_present
U0277,profile_update,2023-06-04 21:48:00,2023-06-04,21,P002,352.21,False,False,non_checkout_amount_present
U0383,add_to_cart,2023-06-06 03:53:00,2023-06-06,3,P011,2181.61,False,False,non_checkout_amount_present
U0195,page_view,2023-06-06 02:48:00,2023-06-06,2,P007,,False,True,not_applicable
U0167,page_view,2023-06-02 08:08:00,2023-06-02,8,P025,1532.03,False,False,non_checkout_amount_present
U0276,page_view,2023-06-02 15:43:00,2023-06-02,15,P026,,False,True,not_applicable
U0265,checkout,2023-06-03 03:50:00,2023-06-03,3,P018,,True,True,missing_checkout_amount
U0264,checkout,2023-06-01 22:54:00,2023-06-01,22,P006,,True,True,missing_checkout_amount
U0087,login,2023-06-06 14:31:00,2023-06-06,14,P008,951.32,False,False,non_checkout_amount_present
U0221,checkout,2023-06-02 20:37:00,2023-06-02,20,P021,,True,True,missing_checkout_amount
U0005,logout,2023-06-01 18:23:00,2023-06-01,18,P010,,False,True,not_applicable
U0155,checkout,2023-06-02 01:52:00,2023-06-02,1,P006,,True,True,missing_checkout_amount
U0012,add_to_cart,2023-06-03 20:05:00,2023-06-03,20,P030,,False,True,not_applicable
U0355,login,2023-06-02 04:25:00,2023-06-02,4,P020,,False,True,not_applicable
U0010,checkout,2023-06-05 13:03:00,2023-06-05,13,P009,,True,True,missing_checkout_amount
U0218,page_view,2023-06-05 18:05:00,2023-06-05,18,P027,,False,True,not_applicable
U0122,checkout,2023-06-04 12:20:00,2023-06-04,12,P030,1162.42,True,False,valid_checkout_amount
U0186,page_view,2023-06-03 21:53:00,2023-06-03,21,P022,1979.66,False,False,non_checkout_amount_present
U0114,page_view,2023-06-03 10:53:00,2023-06-03,10,P008,2625.13,False,False,non_checkout_amount_present
U0023,checkout,2023-06-03 13:09:00,2023-06-03,13,P015,,True,True,missing_checkout_amount
U0212,logout,2023-06-03 14:37:00,2023-06-03,14,P011,,False,True,not_applicable
U0183,search,2023-06-03 06:47:00,2023-06-03,6,P020,294.34,False,False,non_checkout_amount_present
U0183,page_view,2023-06-02 18:17:00,2023-06-02,18,P019,2796.63,False,False,non_checkout_amount_present
U0158,page_view,2023-06-03 11:12:00,2023-06-03,11,P027,487.48,False,False,non_checkout_amount_present
U0078,add_to_cart,2023-06-05 00:23:00,2023-06-05,0,P020,2931.22,False,False,non_checkout_amount_present
U0282,add_to_cart,2023-06-05 14:04:00,2023-06-05,14,P023,2115.55,False,False,non_checkout_amount_present
U0203,checkout,2023-06-06 03:15:00,2023-06-06,3,P027,2031.44,True,False,valid_checkout_amount
U0079,search,2023-06-01 23:50:00,2023-06-01,23,P005,,False,True,not_applicable
U0017,page_view,2023-06-06 02:46:00,2023-06-06,2,P014,2116.41,False,False,non_checkout_amount_present
U0001,login,2023-06-01 15:28:00,2023-06-01,15,P007,,False,True,not_applicable
U0236,page_view,2023-06-03 16:13:00,2023-06-03,16,P027,2843.25,False,False,non_checkout_amount_present
U0359,page_view,2023-06-04 16:25:00,2023-06-04,16,P006,,False,True,not_applicable
U0283,profile_update,2023-06-06 07:53:00,2023-06-06,7,P004,2727.75,False,False,non_checkout_amount_present
U0274,search,2023-06-05 16:14:00,2023-06-05,16,P011,,False,True,not_applicable
U0222,add_to_cart,2023-06-05 20:20:00,2023-06-05,20,P008,1614.3,False,False,non_checkout_amount_present
U0354,page_view,2023-06-04 19:11:00,2023-06-04,19,P021,954.68,False,False,non_checkout_amount_present
U0122,page_view,2023-06-04 04:35:00,2023-06-04,4,P005,1808.91,False,False,non_checkout_amount_present
U0376,search,2023-06-03 21:17:00,2023-06-03,21,P022,,False,True,not_applicable
U0241,wishlist_add,2023-06-06 18:15:00,2023-06-06,18,P008,2817.48,False,False,non_checkout_amount_present
U0267,add_to_cart,2023-06-05 03:40:00,2023-06-05,3,P014,,False,True,not_applicable
U0393,logout,2023-06-02 23:05:00,2023-06-02,23,P025,,False,True,not_applicable
U0010,search,2023-06-03 11:48:00,2023-06-03,11,P026,476.46,False,False,non_checkout_amount_present
U0202,login,2023-06-05 10:50:00,2023-06-05,10,P018,402.4,False,False,non_checkout_amount_present
U0077,checkout,2023-06-06 01:49:00,2023-06-06,1,P018,315.52,True,False,valid_checkout_amount
U0186,profile_update,2023-06-05 16:27:00,2023-06-05,16,P024,,False,True,not_applicable
U0277,page_view,2023-06-02 14:09:00,2023-06-02,14,P003,2504.34,False,False,non_checkout_amount_present
U0129,profile_update,2023-06-05 15:12:00,2023-06-05,15,P026,,False,True,not_applicable
U0056,logout,2023-06-01 17:39:00,2023-06-01,17,P011,1239.26,False,False,non_checkout_amount_present
U0026,logout,2023-06-05 01:16:00,2023-06-05,1,P030,2504.75,False,False,non_checkout_amount_present
U0247,logout,2023-06-04 14:56:00,2023-06-04,14,P010,2170.79,False,False,non_checkout_amount_present
U0160,login,2023-06-03 10:54:00,2023-06-03,10,P026,2595.28,False,False,non_checkout_amount_present
U0275,login,2023-06-02 19:03:00,2023-06-02,19,P009,2427.84,False,False,non_checkout_amount_present
U0102,wishlist_add,2023-06-01 12:21:00,2023-06-01,12,P002,2384.84,False,False,non_checkout_amount_present
U0304,add_to_cart,2023-06-04 17:03:00,2023-06-04,17,P005,,False,True,not_applicable
U0220,search,2023-06-03 19:42:00,2023-06-03,19,P005,,False,True,not_applicable
U0392,checkout,2023-06-05 20:35:00,2023-06-05,20,P021,531.23,True,False,valid_checkout_amount
U0049,logout,2023-06-04 08:45:00,2023-06-04,8,P011,2141.08,False,False,non_checkout_amount_present
U0018,wishlist_add,2023-06-04 07:28:00,2023-06-04,7,P011,1921.51,False,False,non_checkout_amount_present
U0181,profile_update,2023-06-05 17:59:00,2023-06-05,17,P020,,False,True,not_applicable
U0187,checkout,2023-06-03 03:00:00,2023-06-03,3,P016,810.87,True,False,valid_checkout_amount
U0016,login,2023-06-03 14:51:00,2023-06-03,14,P027,906.7,False,False,non_checkout_amount_present
U0042,checkout,2023-06-04 04:39:00,2023-06-04,4,P023,,True,True,missing_checkout_amount
U0376,search,2023-06-05 12:21:00,2023-06-05,12,P017,,False,True,not_applicable
U0206,checkout,2023-06-06 14:20:00,2023-06-06,14,P015,,True,True,missing_checkout_amount
U0326,logout,2023-06-03 20:10:00,2023-06-03,20,P018,,False,True,not_applicable
U0259,profile_update,2023-06-01 09:02:00,2023-06-01,9,P024,795.7,False,False,non_checkout_amount_present
U0239,wishlist_add,2023-06-02 17:31:00,2023-06-02,17,P010,743.78,False,False,non_checkout_amount_present
U0141,page_view,2023-06-05 00:46:00,2023-06-05,0,P029,1037.69,False,False,non_checkout_amount_present
U0259,wishlist_add,2023-06-04 23:27:00,2023-06-04,23,P014,,False,True,not_applicable
U0165,profile_update,2023-06-04 02:11:00,2023-06-04,2,P023,263.81,False,False,non_checkout_amount_present
U0055,login,2023-06-05 06:28:00,2023-06-05,6,P019,699.35,False,False,non_checkout_amount_present
U0124,checkout,2023-06-01 19:47:00,2023-06-01,19,P010,426.66,True,False,valid_checkout_amount
U0099,wishlist_add,2023-06-04 08:04:00,2023-06-04,8,P011,,False,True,not_applicable
U0123,search,2023-06-04 02:51:00,2023-06-04,2,P012,2919.7,False,False,non_checkout_amount_present
U0372,login,2023-06-06 13:31:00,2023-06-06,13,P022,,False,True,not_applicable
U0362,login,2023-06-02 13:55:00,2023-06-02,13,P022,2931.91,False,False,non_checkout_amount_present
U0033,login,2023-06-02 03:53:00,2023-06-02,3,P023,642.25,False,False,non_checkout_amount_present
U0365,search,2023-06-06 09:53:00,2023-06-06,9,P018,,False,True,not_applicable
U0049,checkout,2023-06-05 13:40:00,2023-06-05,13,P030,1105.33,True,False,valid_checkout_amount
U0241,wishlist_add,2023-06-06 14:55:00,2023-06-06,14,P009,425.5,False,False,non_checkout_amount_present
U0397,logout,2023-06-04 20:02:00,2023-06-04,20,P015,,False,True,not_applicable
U0317,wishlist_add,2023-06-06 10:14:00,2023-06-06,10,P002,,False,True,not_applicable
U0145,checkout,2023-06-03 10:31:00,2023-06-03,10,P021,,True,True,missing_checkout_amount
U0039,profile_update,2023-06-03 02:01:00,2023-06-03,2,P007,,False,True,not_applicable
U0099,profile_update,2023-06-02 02:25:00,2023-06-02,2,P024,2334.22,False,False,non_checkout_amount_present
U0177,add_to_cart,2023-06-01 21:14:00,2023-06-01,21,P019,2202.38,False,False,non_checkout_amount_present
U0037,add_to_cart,2023-06-04 16:39:00,2023-06-04,16,P009,783.3,False,False,non_checkout_amount_present
U0347,wishlist_add,2023-06-03 09:47:00,2023-06-03,9,P004,,False,True,not_applicable
U0241,search,2023-06-05 20:29:00,2023-06-05,20,P022,2356.69,False,False,non_checkout_amount_present
U0023,profile_update,2023-06-01 11:54:00,2023-06-01,11,P020,1403.1,False,False,non_checkout_amount_present
U0172,login,2023-06-06 12:26:00,2023-06-06,12,P029,2153.01,False,False,non_checkout_amount_present
U0251,wishlist_add,2023-06-05 15:41:00,2023-06-05,15,P025,,False,True,not_applicable
U0115,search,2023-06-04 12:56:00,2023-06-04,12,P027,,False,True,not_applicable
U0286,login,2023-06-06 09:48:00,2023-06-06,9,P023,1672.71,False,False,non_checkout_amount_present
U0380,checkout,2023-06-03 07:12:00,2023-06-03,7,P015,905.4,True,False,valid_checkout_amount
U0347,login,2023-06-02 13:49:00,2023-06-02,13,P011,2498.53,False,False,non_checkout_amount_present
U0066,login,2023-06-05 19:47:00,2023-06-05,19,P016,,False,True,not_applicable
U0246,profile_update,2023-06-04 07:49:00,2023-06-04,7,P012,673.26,False,False,non_checkout_amount_present
U0327,checkout,2023-06-03 13:41:00,2023-06-03,13,P016,,True,True,missing_checkout_amount
U0002,page_view,2023-06-06 11:26:00,2023-06-06,11,P026,,False,True,not_applicable
U0284,profile_update,2023-06-03 17:36:00,2023-06-03,17,P005,1920.1,False,False,non_checkout_amount_present
U0291,wishlist_add,2023-06-03 19:00:00,2023-06-03,19,P004,192.68,False,False,non_checkout_amount_present
U0034,checkout,2023-06-04 02:44:00,2023-06-04,2,P025,2387.37,True,False,valid_checkout_amount
U0004,logout,2023-06-03 23:36:00,2023-06-03,23,P003,,False,True,not_applicable
U0123,page_view,2023-06-06 12:39:00,2023-06-06,12,P020,,False,True,not_applicable
U0258,page_view,2023-06-02 11:04:00,2023-06-02,11,P026,,False,True,not_applicable
U0339,checkout,2023-06-04 08:33:00,2023-06-04,8,P027,,True,True,missing_checkout_amount
U0359,add_to_cart,2023-06-01 17:08:00,2023-06-01,17,P004,,False,True,not_applicable
U0061,wishlist_add,2023-06-02 02:09:00,2023-06-02,2,P008,124.93,False,False,non_checkout_amount_present
U0124,search,2023-06-03 05:05:00,2023-06-03,5,P030,2181.45,False,False,non_checkout_amount_present
U0389,logout,2023-06-05 06:07:00,2023-06-05,6,P010,2028.63,False,False,non_checkout_amount_present
U0255,search,2023-06-05 15:29:00,2023-06-05,15,P025,,False,True,not_applicable
U0154,search,2023-06-06 07:03:00,2023-06-06,7,P027,2480.12,False,False,non_checkout_amount_present
U0203,profile_update,2023-06-02 01:29:00,2023-06-02,1,P004,2959.88,False,False,non_checkout_amount_present
U0256,wishlist_add,2023-06-01 08:28:00,2023-06-01,8,P025,,False,True,not_applicable
U0333,profile_update,2023-06-04 16:58:00,2023-06-04,16,P030,,False,True,not_applicable
U0250,search,2023-06-05 19:35:00,2023-06-05,19,P002,,False,True,not_applicable
U0263,wishlist_add,2023-06-04 07:26:00,2023-06-04,7,P024,,False,True,not_applicable
U0133,login,2023-06-01 21:22:00,2023-06-01,21,P030,,False,True,not_applicable
U0021,page_view,2023-06-03 22:50:00,2023-06-03,22,P012,,False,True,not_applicable
U0172,page_view,2023-06-05 20:41:00,2023-06-05,20,P018,,False,True,not_applicable
U0326,add_to_cart,2023-06-01 17:13:00,2023-06-01,17,P014,,False,True,not_applicable
U0162,add_to_cart,2023-06-03 02:02:00,2023-06-03,2,P013,267.61,False,False,non_checkout_amount_present
U0107,add_to_cart,2023-06-02 06:29:00,2023-06-02,6,P024,,False,True,not_applicable
U0115,add_to_cart,2023-06-02 21:50:00,2023-06-02,21,P024,1728.67,False,False,non_checkout_amount_present
U0331,page_view,2023-06-03 05:33:00,2023-06-03,5,P015,1404.59,False,False,non_checkout_amount_present
U0358,login,2023-06-04 10:11:00,2023-06-04,10,P003,883.0,False,False,non_checkout_amount_present
U0231,login,2023-06-04 21:39:00,2023-06-04,21,P030,,False,True,not_applicable
U0348,add_to_cart,2023-06-03 11:21:00,2023-06-03,11,P019,,False,True,not_applicable
U0033,checkout,2023-06-03 02:32:00,2023-06-03,2,P004,150.67,True,False,valid_checkout_amount
U0348,add_to_cart,2023-06-01 12:00:00,2023-06-01,12,P005,,False,True,not_applicable
U0197,login,2023-06-04 13:40:00,2023-06-04,13,P026,2160.94,False,False,non_checkout_amount_present
U0395,page_view,2023-06-04 13:36:00,2023-06-04,13,P003,,False,True,not_applicable
U0355,checkout,2023-06-02 18:05:00,2023-06-02,18,P003,,True,True,missing_checkout_amount
U0325,login,2023-06-03 07:49:00,2023-06-03,7,P002,1903.59,False,False,non_checkout_amount_present
U0073,login,2023-06-02 15:25:00,2023-06-02,15,P014,,False,True,not_applicable
U0073,search,2023-06-03 16:14:00,2023-06-03,16,P008,,False,True,not_applicable
U0332,search,2023-06-05 23:47:00,2023-06-05,23,P001,,False,True,not_applicable
U0101,add_to_cart,2023-06-03 14:57:00,2023-06-03,14,P016,2965.77,False,False,non_checkout_amount_present
U0293,wishlist_add,2023-06-04 16:56:00,2023-06-04,16,P027,,False,True,not_applicable
U0387,logout,2023-06-04 02:34:00,2023-06-04,2,P028,827.2,False,False,non_checkout_amount_present
U0085,profile_update,2023-06-05 12:31:00,2023-06-05,12,P017,,False,True,not_applicable
U0182,logout,2023-06-06 15:20:00,2023-06-06,15,P024,,False,True,not_applicable
U0255,checkout,2023-06-06 12:43:00,2023-06-06,12,P005,934.18,True,False,valid_checkout_amount
U0142,add_to_cart,2023-06-04 03:45:00,2023-06-04,3,P030,,False,True,not_applicable
U0207,checkout,2023-06-01 16:40:00,2023-06-01,16,P024,1329.61,True,False,valid_checkout_amount
U0098,add_to_cart,2023-06-05 05:57:00,2023-06-05,5,P005,100.19,False,False,non_checkout_amount_present
U0327,checkout,2023-06-02 03:03:00,2023-06-02,3,P010,,True,True,missing_checkout_amount
U0171,search,2023-06-04 23:33:00,2023-06-04,23,P017,,False,True,not_applicable
U0346,wishlist_add,2023-06-03 06:22:00,2023-06-03,6,P005,,False,True,not_applicable
U0253,login,2023-06-06 05:24:00,2023-06-06,5,P006,,False,True,not_applicable
U0300,profile_update,2023-06-05 20:03:00,2023-06-05,20,P009,2097.23,False,False,non_checkout_amount_present
U0106,search,2023-06-06 16:03:00,2023-06-06,16,P001,,False,True,not_applicable
U0006,wishlist_add,2023-06-06 08:52:00,2023-06-06,8,P020,1155.58,False,False,non_checkout_amount_present
U0150,wishlist_add,2023-06-04 22:38:00,2023-06-04,22,P025,,False,True,not_applicable
U0336,wishlist_add,2023-06-03 08:39:00,2023-06-03,8,P018,,False,True,not_applicable
U0237,checkout,2023-06-04 16:55:00,2023-06-04,16,P022,,True,True,missing_checkout_amount
U0010,checkout,2023-06-05 10:50:00,2023-06-05,10,P006,,True,True,missing_checkout_amount
U0071,add_to_cart,2023-06-05 16:18:00,2023-06-05,16,P022,,False,True,not_applicable
U0286,profile_update,2023-06-06 03:18:00,2023-06-06,3,P024,2235.94,False,False,non_checkout_amount_present
U0040,profile_update,2023-06-05 01:09:00,2023-06-05,1,P012,,False,True,not_applicable
U0059,search,2023-06-05 22:40:00,2023-06-05,22,P029,,False,True,not_applicable
U0260,profile_update,2023-06-05 06:12:00,2023-06-05,6,P009,2763.42,False,False,non_checkout_amount_present
U0238,checkout,2023-06-04 22:29:00,2023-06-04,22,P018,,True,True,missing_checkout_amount
U0112,logout,2023-06-04 13:10:00,2023-06-04,13,P018,1703.63,False,False,non_checkout_amount_present
U0072,wishlist_add,2023-06-02 12:58:00,2023-06-02,12,P004,684.69,False,False,non_checkout_amount_present
U0333,logout,2023-06-02 07:30:00,2023-06-02,7,P007,,False,True,not_applicable
U0283,page_view,2023-06-04 19:08:00,2023-06-04,19,P011,,False,True,not_applicable
U0343,profile_update,2023-06-03 07:03:00,2023-06-03,7,P028,2464.51,False,False,non_checkout_amount_present
U0059,logout,2023-06-04 00:27:00,2023-06-04,0,P025,,False,True,not_applicable
U0012,logout,2023-06-01 21:42:00,2023-06-01,21,P030,,False,True,not_applicable
U0041,login,2023-06-04 12:23:00,2023-06-04,12,P030,,False,True,not_applicable
U0309,checkout,2023-06-02 16:43:00,2023-06-02,16,P030,2320.72,True,False,valid_checkout_amount
U0250,page_view,2023-06-03 01:13:00,2023-06-03,1,P020,1277.97,False,False,non_checkout_amount_present
U0214,checkout,2023-06-01 20:42:00,2023-06-01,20,P023,,True,True,missing_checkout_amount
U0141,page_view,2023-06-04 11:26:00,2023-06-04,11,P017,1638.06,False,False,non_checkout_amount_present
U0089,profile_update,2023-06-01 11:54:00,2023-06-01,11,P009,1071.66,False,False,non_checkout_amount_present
U0026,profile_update,2023-06-03 17:54:00,2023-06-03,17,P023,,False,True,not_applicable
U0031,profile_update,2023-06-02 09:02:00,2023-06-02,9,P011,2218.57,False,False,non_checkout_amount_present
U0400,search,2023-06-01 15:07:00,2023-06-01,15,P010,2834.25,False,False,non_checkout_amount_present
U0156,checkout,2023-06-05 15:01:00,2023-06-05,15,P024,1033.82,True,False,valid_checkout_amount
U0393,login,2023-06-03 22:16:00,2023-06-03,22,P026,,False,True,not_applicable
U0160,wishlist_add,2023-06-04 08:33:00,2023-06-04,8,P001,360.21,False,False,non_checkout_amount_present
U0371,wishlist_add,2023-06-03 09:51:00,2023-06-03,9,P003,1239.45,False,False,non_checkout_amount_present
U0119,login,2023-06-02 08:20:00,2023-06-02,8,P030,,False,True,not_applicable
U0080,search,2023-06-05 04:39:00,2023-06-05,4,P005,957.39,False,False,non_checkout_amount_present
U0359,add_to_cart,2023-06-05 03:18:00,2023-06-05,3,P015,2593.36,False,False,non_checkout_amount_present
U0336,add_to_cart,2023-06-03 15:01:00,2023-06-03,15,P015,1173.76,False,False,non_checkout_amount_present
U0285,add_to_cart,2023-06-05 09:32:00,2023-06-05,9,P019,,False,True,not_applicable
U0025,checkout,2023-06-03 21:29:00,2023-06-03,21,P029,1891.32,True,False,valid_checkout_amount
U0310,profile_update,2023-06-02 23:16:00,2023-06-02,23,P015,,False,True,not_applicable
U0156,add_to_cart,2023-06-02 13:50:00,2023-06-02,13,P023,,False,True,not_applicable
U0271,checkout,2023-06-05 02:29:00,2023-06-05,2,P004,1497.62,True,False,valid_checkout_amount
U0210,page_view,2023-06-01 22:34:00,2023-06-01,22,P003,2751.5,False,False,non_checkout_amount_present
U0347,checkout,2023-06-01 11:52:00,2023-06-01,11,P025,,True,True,missing_checkout_amount
U0051,add_to_cart,2023-06-03 09:37:00,2023-06-03,9,P027,1243.11,False,False,non_checkout_amount_present
U0392,page_view,2023-06-04 22:44:00,2023-06-04,22,P013,1221.88,False,False,non_checkout_amount_present
U0288,page_view,2023-06-06 05:49:00,2023-06-06,5,P027,,False,True,not_applicable
U0182,page_view,2023-06-03 14:28:00,2023-06-03,14,P012,2107.12,False,False,non_checkout_amount_present
U0072,add_to_cart,2023-06-04 01:38:00,2023-06-04,1,P005,1004.24,False,False,non_checkout_amount_present
U0125,search,2023-06-02 16:37:00,2023-06-02,16,P004,2685.64,False,False,non_checkout_amount_present
U0293,search,2023-06-01 09:42:00,2023-06-01,9,P015,788.48,False,False,non_checkout_amount_present
U0297,add_to_cart,2023-06-02 22:51:00,2023-06-02,22,P019,,False,True,not_applicable
U0186,wishlist_add,2023-06-05 09:17:00,2023-06-05,9,P002,,False,True,not_applicable
U0302,wishlist_add,2023-06-03 11:56:00,2023-06-03,11,P012,1092.55,False,False,non_checkout_amount_present
U0181,wishlist_add,2023-06-02 17:03:00,2023-06-02,17,P016,,False,True,not_applicable
U0051,logout,2023-06-05 13:41:00,2023-06-05,13,P011,1988.99,False,False,non_checkout_amount_present
U0096,wishlist_add,2023-06-04 03:04:00,2023-06-04,3,P006,2954.48,False,False,non_checkout_amount_present
U0205,search,2023-06-03 16:14:00,2023-06-03,16,P012,939.07,False,False,non_checkout_amount_present
U0233,page_view,2023-06-04 21:12:00,2023-06-04,21,P013,857.83,False,False,non_checkout_amount_present
U0265,search,2023-06-05 12:08:00,2023-06-05,12,P005,1435.66,False,False,non_checkout_amount_present
U0331,wishlist_add,2023-06-02 10:05:00,2023-06-02,10,P004,1497.24,False,False,non_checkout_amount_present
U0200,logout,2023-06-01 13:06:00,2023-06-01,13,P010,153.21,False,False,non_checkout_amount_present
U0266,logout,2023-06-03 06:30:00,2023-06-03,6,P012,1740.46,False,False,non_checkout_amount_present
U0109,page_view,2023-06-01 22:58:00,2023-06-01,22,P005,2996.21,False,False,non_checkout_amount_present
U0055,profile_update,2023-06-04 15:15:00,2023-06-04,15,P017,2181.47,False,False,non_checkout_amount_present
U0354,wishlist_add,2023-06-03 22:15:00,2023-06-03,22,P020,2872.66,False,False,non_checkout_amount_present
U0319,profile_update,2023-06-02 15:40:00,2023-06-02,15,P004,1814.3,False,False,non_checkout_amount_present
U0257,add_to_cart,2023-06-05 15:12:00,2023-06-05,15,P015,,False,True,not_applicable
U0302,page_view,2023-06-05 19:43:00,2023-06-05,19,P011,1486.78,False,False,non_checkout_amount_present
U0315,login,2023-06-03 16:37:00,2023-06-03,16,P011,,False,True,not_applicable
U0049,page_view,2023-06-04 09:34:00,2023-06-04,9,P019,,False,True,not_applicable
U0063,wishlist_add,2023-06-05 19:47:00,2023-06-05,19,P028,,False,True,not_applicable
U0210,add_to_cart,2023-06-01 12:41:00,2023-06-01,12,P011,,False,True,not_applicable
U0033,page_view,2023-06-04 06:03:00,2023-06-04,6,P005,,False,True,not_applicable
U0076,wishlist_add,2023-06-05 16:51:00,2023-06-05,16,P001,,False,True,not_applicable
U0058,add_to_cart,2023-06-06 19:02:00,2023-06-06,19,P005,,False,True,not_applicable
U0080,logout,2023-06-06 15:11:00,2023-06-06,15,P008,345.91,False,False,non_checkout_amount_present
U0220,search,2023-06-05 08:29:00,2023-06-05,8,P030,432.42,False,False,non_checkout_amount_present
U0302,logout,2023-06-05 21:33:00,2023-06-05,21,P026,1163.57,False,False,non_checkout_amount_present
U0324,wishlist_add,2023-06-04 06:55:00,2023-06-04,6,P017,2504.13,False,False,non_checkout_amount_present
U0261,logout,2023-06-03 04:17:00,2023-06-03,4,P016,,False,True,not_applicable
U0018,add_to_cart,2023-06-02 12:38:00,2023-06-02,12,P007,,False,True,not_applicable
U0282,wishlist_add,2023-06-01 08:02:00,2023-06-01,8,P015,2850.98,False,False,non_checkout_amount_present
U0322,wishlist_add,2023-06-03 16:38:00,2023-06-03,16,P020,823.64,False,False,non_checkout_amount_present
U0329,logout,2023-06-02 10:26:00,2023-06-02,10,P005,,False,True,not_applicable
U0053,add_to_cart,2023-06-02 23:44:00,2023-06-02,23,P027,1826.71,False,False,non_checkout_amount_present
U0204,checkout,2023-06-03 16:29:00,2023-06-03,16,P030,2361.96,True,False,valid_checkout_amount
U0190,page_view,2023-06-05 00:47:00,2023-06-05,0,P013,2711.43,False,False,non_checkout_amount_present
U0286,page_view,2023-06-02 06:32:00,2023-06-02,6,P004,,False,True,not_applicable
U0151,add_to_cart,2023-06-04 08:25:00,2023-06-04,8,P029,2143.31,False,False,non_checkout_amount_present
U0231,profile_update,2023-06-01 16:01:00,2023-06-01,16,P011,,False,True,not_applicable
U0353,checkout,2023-06-03 04:57:00,2023-06-03,4,P016,987.46,True,False,valid_checkout_amount
U0252,login,2023-06-06 12:57:00,2023-06-06,12,P019,1960.38,False,False,non_checkout_amount_present
U0098,wishlist_add,2023-06-04 21:09:00,2023-06-04,21,P027,329.59,False,False,non_checkout_amount_present
U0175,profile_update,2023-06-03 14:34:00,2023-06-03,14,P012,,False,True,not_applicable
U0192,wishlist_add,2023-06-02 22:57:00,2023-06-02,22,P009,,False,True,not_applicable
U0014,checkout,2023-06-03 11:49:00,2023-06-03,11,P010,2775.84,True,False,valid_checkout_amount
U0177,page_view,2023-06-04 21:32:00,2023-06-04,21,P009,2647.63,False,False,non_checkout_amount_present
U0354,search,2023-06-02 14:00:00,2023-06-02,14,P006,,False,True,not_applicable
U0310,page_view,2023-06-06 19:11:00,2023-06-06,19,P012,,False,True,not_applicable
U0007,profile_update,2023-06-01 22:41:00,2023-06-01,22,P001,2132.21,False,False,non_checkout_amount_present
U0246,checkout,2023-06-03 03:06:00,2023-06-03,3,P024,,True,True,missing_checkout_amount
U0032,page_view,2023-06-06 05:05:00,2023-06-06,5,P025,668.94,False,False,non_checkout_amount_present
U0067,checkout,2023-06-01 22:13:00,2023-06-01,22,P003,,True,True,missing_checkout_amount
U0069,add_to_cart,2023-06-03 05:02:00,2023-06-03,5,P012,,False,True,not_applicable
U0251,add_to_cart,2023-06-04 20:58:00,2023-06-04,20,P010,,False,True,not_applicable
U0222,profile_update,2023-06-03 19:39:00,2023-06-03,19,P025,2949.17,False,False,non_checkout_amount_present
U0098,checkout,2023-06-01 09:00:00,2023-06-01,9,P023,,True,True,missing_checkout_amount
U0224,login,2023-06-04 05:25:00,2023-06-04,5,P024,1457.54,False,False,non_checkout_amount_present
U0059,wishlist_add,2023-06-01 21:32:00,2023-06-01,21,P005,,False,True,not_applicable
U0128,profile_update,2023-06-01 16:44:00,2023-06-01,16,P003,,False,True,not_applicable
U0123,login,2023-06-01 19:15:00,2023-06-01,19,P013,1118.91,False,False,non_checkout_amount_present
U0070,wishlist_add,2023-06-05 17:36:00,2023-06-05,17,P017,,False,True,not_applicable
U0117,logout,2023-06-04 13:07:00,2023-06-04,13,P017,,False,True,not_applicable
U0298,search,2023-06-04 05:54:00,2023-06-04,5,P021,,False,True,not_applicable
U0179,add_to_cart,2023-06-04 13:13:00,2023-06-04,13,P006,,False,True,not_applicable
U0149,login,2023-06-04 17:28:00,2023-06-04,17,P028,,False,True,not_applicable
U0185,search,2023-06-02 18:55:00,2023-06-02,18,P004,1770.94,False,False,non_checkout_amount_present
U0103,search,2023-06-03 16:48:00,2023-06-03,16,P010,,False,True,not_applicable
U0119,logout,2023-06-05 20:45:00,2023-06-05,20,P010,,False,True,not_applicable
U0348,profile_update,2023-06-02 09:49:00,2023-06-02,9,P015,,False,True,not_applicable
U0299,profile_update,2023-06-06 04:43:00,2023-06-06,4,P008,1855.06,False,False,non_checkout_amount_present
U0240,checkout,2023-06-02 06:34:00,2023-06-02,6,P018,1214.68,True,False,valid_checkout_amount
U0335,profile_update,2023-06-03 13:11:00,2023-06-03,13,P017,1863.87,False,False,non_checkout_amount_present
U0126,search,2023-06-04 13:44:00,2023-06-04,13,P021,128.28,False,False,non_checkout_amount_present
U0202,add_to_cart,2023-06-01 18:43:00,2023-06-01,18,P015,581.28,False,False,non_checkout_amount_present
U0378,wishlist_add,2023-06-05 07:27:00,2023-06-05,7,P017,,False,True,not_applicable
U0078,search,2023-06-05 22:44:00,2023-06-05,22,P007,,False,True,not_applicable
U0136,search,2023-06-05 09:21:00,2023-06-05,9,P016,,False,True,not_applicable
U0384,login,2023-06-02 21:14:00,2023-06-02,21,P017,1311.35,False,False,non_checkout_amount_present
U0350,wishlist_add,2023-06-03 14:48:00,2023-06-03,14,P014,1284.93,False,False,non_checkout_amount_present
U0010,wishlist_add,2023-06-05 14:28:00,2023-06-05,14,P002,,False,True,not_applicable
U0095,wishlist_add,2023-06-06 09:12:00,2023-06-06,9,P007,,False,True,not_applicable
U0026,add_to_cart,2023-06-05 10:12:00,2023-06-05,10,P022,2757.26,False,False,non_checkout_amount_present
U0347,page_view,2023-06-06 17:10:00,2023-06-06,17,P010,1805.2,False,False,non_checkout_amount_present
U0237,checkout,2023-06-03 06:21:00,2023-06-03,6,P026,,True,True,missing_checkout_amount
U0014,logout,2023-06-04 12:02:00,2023-06-04,12,P013,148.55,False,False,non_checkout_amount_present
U0340,profile_update,2023-06-01 14:39:00,2023-06-01,14,P023,1578.64,False,False,non_checkout_amount_present
U0089,profile_update,2023-06-05 02:38:00,2023-06-05,2,P020,1787.22,False,False,non_checkout_amount_present
U0092,add_to_cart,2023-06-06 08:43:00,2023-06-06,8,P011,675.81,False,False,non_checkout_amount_present
U0355,profile_update,2023-06-04 16:42:00,2023-06-04,16,P012,,False,True,not_applicable
U0390,search,2023-06-02 19:18:00,2023-06-02,19,P020,1830.17,False,False,non_checkout_amount_present
U0098,profile_update,2023-06-01 18:43:00,2023-06-01,18,P002,,False,True,not_applicable
U0044,logout,2023-06-01 08:22:00,2023-06-01,8,P003,2436.53,False,False,non_checkout_amount_present
U0222,profile_update,2023-06-06 17:55:00,2023-06-06,17,P016,,False,True,not_applicable
U0293,profile_update,2023-06-04 01:45:00,2023-06-04,1,P008,2833.35,False,False,non_checkout_amount_present
U0304,search,2023-06-01 20:12:00,2023-06-01,20,P009,,False,True,not_applicable
U0221,checkout,2023-06-05 02:29:00,2023-06-05,2,P004,,True,True,missing_checkout_amount
U0365,login,2023-06-06 18:37:00,2023-06-06,18,P027,2954.55,False,False,non_checkout_amount_present
U0003,checkout,2023-06-06 05:14:00,2023-06-06,5,P020,,True,True,missing_checkout_amount
U0050,login,2023-06-05 08:18:00,2023-06-05,8,P018,2686.94,False,False,non_checkout_amount_present
U0199,login,2023-06-05 02:15:00,2023-06-05,2,P024,,False,True,not_applicable
U0084,login,2023-06-02 02:03:00,2023-06-02,2,P027,142.36,False,False,non_checkout_amount_present
U0105,profile_update,2023-06-02 18:11:00,2023-06-02,18,P014,,False,True,not_applicable
U0136,add_to_cart,2023-06-05 17:57:00,2023-06-05,17,P027,1111.3,False,False,non_checkout_amount_present
U0250,wishlist_add,2023-06-05 06:50:00,2023-06-05,6,P020,663.1,False,False,non_checkout_amount_present
U0194,add_to_cart,2023-06-04 04:01:00,2023-06-04,4,P029,,False,True,not_applicable
U0212,search,2023-06-04 16:09:00,2023-06-04,16,P024,,False,True,not_applicable
U0309,logout,2023-06-03 22:52:00,2023-06-03,22,P012,2755.97,False,False,non_checkout_amount_present
U0280,login,2023-06-04 12:35:00,2023-06-04,12,P025,1119.56,False,False,non_checkout_amount_present
U0117,checkout,2023-06-02 08:39:00,2023-06-02,8,P022,,True,True,missing_checkout_amount
U0254,add_to_cart,2023-06-01 19:45:00,2023-06-01,19,P015,,False,True,not_applicable
U0323,page_view,2023-06-03 15:20:00,2023-06-03,15,P016,1429.37,False,False,non_checkout_amount_present
U0209,login,2023-06-05 09:44:00,2023-06-05,9,P018,,False,True,not_applicable
U0097,logout,2023-06-05 11:43:00,2023-06-05,11,P020,577.91,False,False,non_checkout_amount_present
U0279,login,2023-06-06 06:10:00,2023-06-06,6,P021,1358.86,False,False,non_checkout_amount_present
U0279,checkout,2023-06-03 09:11:00,2023-06-03,9,P003,,True,True,missing_checkout_amount
U0101,add_to_cart,2023-06-03 20:43:00,2023-06-03,20,P010,1581.19,False,False,non_checkout_amount_present
U0357,logout,2023-06-05 19:15:00,2023-06-05,19,P018,,False,True,not_applicable
U0023,login,2023-06-06 02:17:00,2023-06-06,2,P014,,False,True,not_applicable
U0277,add_to_cart,2023-06-04 14:28:00,2023-06-04,14,P014,,False,True,not_applicable
U0311,page_view,2023-06-02 01:30:00,2023-06-02,1,P030,,False,True,not_applicable
U0351,logout,2023-06-06 04:43:00,2023-06-06,4,P005,,False,True,not_applicable
U0395,search,2023-06-05 22:45:00,2023-06-05,22,P010,,False,True,not_applicable
U0395,page_view,2023-06-03 03:13:00,2023-06-03,3,P004,,False,True,not_applicable
U0387,add_to_cart,2023-06-03 11:22:00,2023-06-03,11,P008,,False,True,not_applicable
U0348,logout,2023-06-04 00:01:00,2023-06-04,0,P021,,False,True,not_applicable
U0176,page_view,2023-06-01 22:50:00,2023-06-01,22,P017,,False,True,not_applicable
U0129,page_view,2023-06-03 14:14:00,2023-06-03,14,P006,,False,True,not_applicable
U0013,page_view,2023-06-03 19:13:00,2023-06-03,19,P010,,False,True,not_applicable
U0241,wishlist_add,2023-06-04 22:40:00,2023-06-04,22,P005,,False,True,not_applicable
U0375,login,2023-06-02 11:10:00,2023-06-02,11,P022,1960.18,False,False,non_checkout_amount_present
U0284,checkout,2023-06-02 14:04:00,2023-06-02,14,P010,,True,True,missing_checkout_amount
U0301,login,2023-06-04 03:54:00,2023-06-04,3,P004,,False,True,not_applicable
U0361,profile_update,2023-06-05 20:25:00,2023-06-05,20,P019,,False,True,not_applicable
U0315,checkout,2023-06-03 22:54:00,2023-06-03,22,P007,,True,True,missing_checkout_amount
U0122,login,2023-06-05 17:41:00,2023-06-05,17,P003,421.58,False,False,non_checkout_amount_present
U0111,login,2023-06-05 18:58:00,2023-06-05,18,P017,998.96,False,False,non_checkout_amount_present
U0193,login,2023-06-02 01:56:00,2023-06-02,1,P030,,False,True,not_applicable
U0171,add_to_cart,2023-06-04 19:02:00,2023-06-04,19,P004,,False,True,not_applicable
U0086,login,2023-06-04 07:01:00,2023-06-04,7,P020,,False,True,not_applicable
U0225,page_view,2023-06-03 00:41:00,2023-06-03,0,P014,,False,True,not_applicable
U0099,wishlist_add,2023-06-05 15:25:00,2023-06-05,15,P026,,False,True,not_applicable
U0009,login,2023-06-01 22:51:00,2023-06-01,22,P009,2148.32,False,False,non_checkout_amount_present
U0337,profile_update,2023-06-03 00:10:00,2023-06-03,0,P028,,False,True,not_applicable
U0266,page_view,2023-06-02 07:27:00,2023-06-02,7,P021,2339.74,False,False,non_checkout_amount_present
U0182,search,2023-06-04 02:38:00,2023-06-04,2,P020,2592.52,False,False,non_checkout_amount_present
U0069,logout,2023-06-01 11:46:00,2023-06-01,11,P025,858.42,False,False,non_checkout_amount_present
U0313,add_to_cart,2023-06-04 18:28:00,2023-06-04,18,P025,,False,True,not_applicable
U0356,add_to_cart,2023-06-04 17:35:00,2023-06-04,17,P002,,False,True,not_applicable
U0228,wishlist_add,2023-06-01 12:50:00,2023-06-01,12,P027,,False,True,not_applicable
U0007,login,2023-06-01 15:44:00,2023-06-01,15,P002,711.38,False,False,non_checkout_amount_present
U0353,login,2023-06-03 19:26:00,2023-06-03,19,P027,2693.1,False,False,non_checkout_amount_present
U0173,logout,2023-06-05 11:53:00,2023-06-05,11,P010,,False,True,not_applicable
U0253,add_to_cart,2023-06-04 10:00:00,2023-06-04,10,P017,2959.58,False,False,non_checkout_amount_present
U0262,logout,2023-06-03 23:46:00,2023-06-03,23,P025,713.64,False,False,non_checkout_amount_present
U0220,wishlist_add,2023-06-02 23:22:00,2023-06-02,23,P021,,False,True,not_applicable
U0039,checkout,2023-06-01 20:17:00,2023-06-01,20,P005,,True,True,missing_checkout_amount
U0154,logout,2023-06-03 21:47:00,2023-06-03,21,P024,1534.3,False,False,non_checkout_amount_present
U0128,page_view,2023-06-05 14:40:00,2023-06-05,14,P020,,False,True,not_applicable
U0071,page_view,2023-06-06 18:34:00,2023-06-06,18,P017,,False,True,not_applicable
U0132,checkout,2023-06-05 11:41:00,2023-06-05,11,P021,338.4,True,False,valid_checkout_amount
U0120,login,2023-06-02 22:47:00,2023-06-02,22,P003,,False,True,not_applicable
U0353,login,2023-06-04 02:02:00,2023-06-04,2,P005,1970.54,False,False,non_checkout_amount_present
U0399,login,2023-06-03 07:03:00,2023-06-03,7,P015,,False,True,not_applicable
U0055,wishlist_add,2023-06-01 19:36:00,2023-06-01,19,P030,,False,True,not_applicable
U0314,logout,2023-06-05 07:00:00,2023-06-05,7,P020,,False,True,not_applicable
U0064,checkout,2023-06-04 06:42:00,2023-06-04,6,P021,,True,True,missing_checkout_amount
U0111,logout,2023-06-04 00:32:00,2023-06-04,0,P029,1611.91,False,False,non_checkout_amount_present
U0234,wishlist_add,2023-06-06 06:51:00,2023-06-06,6,P010,,False,True,not_applicable
U0185,page_view,2023-06-05 12:49:00,2023-06-05,12,P015,1870.58,False,False,non_checkout_amount_present
U0138,page_view,2023-06-03 10:36:00,2023-06-03,10,P014,495.83,False,False,non_checkout_amount_present
U0152,checkout,2023-06-05 06:36:00,2023-06-05,6,P025,2718.3,True,False,valid_checkout_amount
U0139,profile_update,2023-06-03 08:41:00,2023-06-03,8,P016,,False,True,not_applicable
U0321,logout,2023-06-01 10:53:00,2023-06-01,10,P029,1316.03,False,False,non_checkout_amount_present
U0132,wishlist_add,2023-06-03 13:17:00,2023-06-03,13,P025,1829.58,False,False,non_checkout_amount_present
U0236,wishlist_add,2023-06-04 11:11:00,2023-06-04,11,P024,2608.05,False,False,non_checkout_amount_present
U0107,wishlist_add,2023-06-01 12:15:00,2023-06-01,12,P020,1513.26,False,False,non_checkout_amount_present
U0097,profile_update,2023-06-03 11:23:00,2023-06-03,11,P019,,False,True,not_applicable
U0341,page_view,2023-06-04 16:32:00,2023-06-04,16,P012,,False,True,not_applicable
U0200,search,2023-06-02 04:11:00,2023-06-02,4,P006,324.59,False,False,non_checkout_amount_present
U0226,profile_update,2023-06-04 20:09:00,2023-06-04,20,P020,710.34,False,False,non_checkout_amount_present
U0311,page_view,2023-06-04 01:31:00,2023-06-04,1,P014,2573.16,False,False,non_checkout_amount_present
U0279,wishlist_add,2023-06-06 11:00:00,2023-06-06,11,P012,2859.15,False,False,non_checkout_amount_present
U0182,login,2023-06-04 02:48:00,2023-06-04,2,P007,1473.12,False,False,non_checkout_amount_present
U0197,logout,2023-06-05 18:19:00,2023-06-05,18,P006,290.38,False,False,non_checkout_amount_present
U0031,wishlist_add,2023-06-04 20:41:00,2023-06-04,20,P009,332.54,False,False,non_checkout_amount_present
U0046,search,2023-06-04 16:43:00,2023-06-04,16,P013,1816.67,False,False,non_checkout_amount_present
U0154,search,2023-06-02 03:39:00,2023-06-02,3,P024,,False,True,not_applicable
U0227,logout,2023-06-04 12:37:00,2023-06-04,12,P022,,False,True,not_applicable
U0281,wishlist_add,2023-06-05 17:58:00,2023-06-05,17,P029,,False,True,not_applicable
U0020,wishlist_add,2023-06-06 13:24:00,2023-06-06,13,P018,1179.94,False,False,non_checkout_amount_present
U0273,login,2023-06-06 16:32:00,2023-06-06,16,P006,,False,True,not_applicable
U0303,logout,2023-06-01 21:00:00,2023-06-01,21,P009,,False,True,not_applicable
U0147,logout,2023-06-03 19:37:00,2023-06-03,19,P008,,False,True,not_applicable
U0289,login,2023-06-03 17:15:00,2023-06-03,17,P011,,False,True,not_applicable
U0067,wishlist_add,2023-06-05 12:38:00,2023-06-05,12,P019,1929.77,False,False,non_checkout_amount_present
U0386,logout,2023-06-06 11:27:00,2023-06-06,11,P014,,False,True,not_applicable
U0184,add_to_cart,2023-06-03 15:17:00,2023-06-03,15,P008,2978.52,False,False,non_checkout_amount_present
U0293,profile_update,2023-06-01 08:06:00,2023-06-01,8,P028,2973.88,False,False,non_checkout_amount_present
U0198,logout,2023-06-01 21:53:00,2023-06-01,21,P022,,False,True,not_applicable
U0324,profile_update,2023-06-04 02:52:00,2023-06-04,2,P002,,False,True,not_applicable
U0304,login,2023-06-04 03:20:00,2023-06-04,3,P003,,False,True,not_applicable
U0327,checkout,2023-06-05 21:44:00,2023-06-05,21,P009,2952.07,True,False,valid_checkout_amount
U0326,login,2023-06-05 20:50:00,2023-06-05,20,P021,1435.73,False,False,non_checkout_amount_present
U0174,search,2023-06-03 09:26:00,2023-06-03,9,P009,576.21,False,False,non_checkout_amount_present
U0220,page_view,2023-06-05 16:10:00,2023-06-05,16,P013,,False,True,not_applicable
U0100,page_view,2023-06-04 15:15:00,2023-06-04,15,P005,,False,True,not_applicable
U0125,logout,2023-06-03 08:58:00,2023-06-03,8,P025,649.87,False,False,non_checkout_amount_present
U0133,search,2023-06-04 18:03:00,2023-06-04,18,P019,,False,True,not_applicable
U0393,profile_update,2023-06-04 07:46:00,2023-06-04,7,P018,1878.61,False,False,non_checkout_amount_present
U0031,add_to_cart,2023-06-02 23:27:00,2023-06-02,23,P004,,False,True,not_applicable
U0314,logout,2023-06-05 17:38:00,2023-06-05,17,P022,,False,True,not_applicable
U0212,wishlist_add,2023-06-03 21:57:00,2023-06-03,21,P011,2787.43,False,False,non_checkout_amount_present
U0058,logout,2023-06-01 21:37:00,2023-06-01,21,P024,2633.13,False,False,non_checkout_amount_present
U0093,page_view,2023-06-02 09:53:00,2023-06-02,9,P010,,False,True,not_applicable
U0359,checkout,2023-06-05 22:18:00,2023-06-05,22,P005,,True,True,missing_checkout_amount
U0101,add_to_cart,2023-06-05 02:19:00,2023-06-05,2,P010,,False,True,not_applicable
U0006,profile_update,2023-06-01 13:42:00,2023-06-01,13,P021,,False,True,not_applicable
U0295,logout,2023-06-02 22:49:00,2023-06-02,22,P030,895.01,False,False,non_checkout_amount_present
U0068,wishlist_add,2023-06-05 03:41:00,2023-06-05,3,P012,536.92,False,False,non_checkout_amount_present
U0288,wishlist_add,2023-06-04 06:23:00,2023-06-04,6,P026,1241.08,False,False,non_checkout_amount_present
U0195,checkout,2023-06-05 03:25:00,2023-06-05,3,P003,2683.28,True,False,valid_checkout_amount
U0169,wishlist_add,2023-06-05 00:47:00,2023-06-05,0,P012,2726.98,False,False,non_checkout_amount_present
U0312,login,2023-06-02 19:30:00,2023-06-02,19,P022,1962.27,False,False,non_checkout_amount_present
U0086,profile_update,2023-06-06 03:49:00,2023-06-06,3,P030,,False,True,not_applicable
U0021,profile_update,2023-06-02 03:04:00,2023-06-02,3,P021,,False,True,not_applicable
U0167,checkout,2023-06-01 08:25:00,2023-06-01,8,P002,,True,True,missing_checkout_amount
U0106,logout,2023-06-05 05:22:00,2023-06-05,5,P028,2503.33,False,False,non_checkout_amount_present
U0215,profile_update,2023-06-03 13:00:00,2023-06-03,13,P012,,False,True,not_applicable
U0254,add_to_cart,2023-06-02 04:06:00,2023-06-02,4,P028,,False,True,not_applicable
U0004,add_to_cart,2023-06-03 11:36:00,2023-06-03,11,P013,1945.57,False,False,non_checkout_amount_present
U0397,logout,2023-06-04 19:02:00,2023-06-04,19,P008,,False,True,not_applicable
U0188,search,2023-06-02 11:09:00,2023-06-02,11,P018,2335.66,False,False,non_checkout_amount_present
U0308,login,2023-06-06 08:40:00,2023-06-06,8,P022,,False,True,not_applicable
U0307,logout,2023-06-04 20:53:00,2023-06-04,20,P030,,False,True,not_applicable
U0266,page_view,2023-06-05 22:06:00,2023-06-05,22,P005,2845.95,False,False,non_checkout_amount_present
U0248,profile_update,2023-06-06 14:31:00,2023-06-06,14,P021,,False,True,not_applicable
U0350,search,2023-06-02 22:21:00,2023-06-02,22,P007,862.11,False,False,non_checkout_amount_present
U0396,search,2023-06-06 17:18:00,2023-06-06,17,P021,2245.7,False,False,non_checkout_amount_present
U0174,page_view,2023-06-03 00:04:00,2023-06-03,0,P027,1858.75,False,False,non_checkout_amount_present
U0310,checkout,2023-06-03 10:21:00,2023-06-03,10,P028,1472.06,True,False,valid_checkout_amount
U0112,checkout,2023-06-06 08:24:00,2023-06-06,8,P024,,True,True,missing_checkout_amount
U0126,search,2023-06-02 14:48:00,2023-06-02,14,P018,1131.53,False,False,non_checkout_amount_present
U0041,add_to_cart,2023-06-04 04:09:00,2023-06-04,4,P019,1062.97,False,False,non_checkout_amount_present
U0361,profile_update,2023-06-03 18:41:00,2023-06-03,18,P018,946.23,False,False,non_checkout_amount_present
U0238,page_view,2023-06-02 03:20:00,2023-06-02,3,P018,,False,True,not_applicable
U0309,search,2023-06-02 04:34:00,2023-06-02,4,P001,,False,True,not_applicable
U0043,wishlist_add,2023-06-02 14:01:00,2023-06-02,14,P030,611.57,False,False,non_checkout_amount_present
U0323,search,2023-06-03 11:58:00,2023-06-03,11,P016,533.77,False,False,non_checkout_amount_present
U0265,checkout,2023-06-06 16:22:00,2023-06-06,16,P025,354.47,True,False,valid_checkout_amount
U0227,search,2023-06-04 08:52:00,2023-06-04,8,P022,,False,True,not_applicable
U0318,login,2023-06-04 22:59:00,2023-06-04,22,P012,2452.52,False,False,non_checkout_amount_present
U0089,checkout,2023-06-02 22:29:00,2023-06-02,22,P007,,True,True,missing_checkout_amount
U0400,logout,2023-06-01 23:11:00,2023-06-01,23,P004,1261.64,False,False,non_checkout_amount_present
U0252,wishlist_add,2023-06-04 04:44:00,2023-06-04,4,P030,,False,True,not_applicable
U0198,checkout,2023-06-02 06:06:00,2023-06-02,6,P010,229.86,True,False,valid_checkout_amount
U0316,logout,2023-06-01 16:59:00,2023-06-01,16,P011,1323.05,False,False,non_checkout_amount_present
U0328,profile_update,2023-06-04 06:55:00,2023-06-04,6,P030,2528.27,False,False,non_checkout_amount_present
U0064,login,2023-06-02 11:07:00,2023-06-02,11,P028,,False,True,not_applicable
U0003,checkout,2023-06-01 18:49:00,2023-06-01,18,P006,2371.12,True,False,valid_checkout_amount
U0122,checkout,2023-06-01 17:06:00,2023-06-01,17,P009,,True,True,missing_checkout_amount
U0096,search,2023-06-06 04:38:00,2023-06-06,4,P008,,False,True,not_applicable
U0102,add_to_cart,2023-06-02 15:23:00,2023-06-02,15,P004,2762.11,False,False,non_checkout_amount_present
U0172,search,2023-06-04 03:02:00,2023-06-04,3,P004,581.27,False,False,non_checkout_amount_present
U0024,search,2023-06-05 03:16:00,2023-06-05,3,P028,242.9,False,False,non_checkout_amount_present
U0154,add_to_cart,2023-06-05 22:00:00,2023-06-05,22,P006,,False,True,not_applicable
U0147,profile_update,2023-06-06 13:48:00,2023-06-06,13,P018,,False,True,not_applicable
U0258,checkout,2023-06-06 19:30:00,2023-06-06,19,P006,1163.84,True,False,valid_checkout_amount
U0059,login,2023-06-02 01:45:00,2023-06-02,1,P005,,False,True,not_applicable
U0054,add_to_cart,2023-06-02 04:49:00,2023-06-02,4,P021,,False,True,not_applicable
U0218,login,2023-06-05 19:54:00,2023-06-05,19,P028,,False,True,not_applicable
U0005,logout,2023-06-03 09:35:00,2023-06-03,9,P006,2436.31,False,False,non_checkout_amount_present
U0045,logout,2023-06-03 14:19:00,2023-06-03,14,P009,,False,True,not_applicable
U0166,checkout,2023-06-06 19:04:00,2023-06-06,19,P009,,True,True,missing_checkout_amount
U0289,add_to_cart,2023-06-05 09:05:00,2023-06-05,9,P026,,False,True,not_applicable
U0338,search,2023-06-05 07:08:00,2023-06-05,7,P004,2592.15,False,False,non_checkout_amount_present
U0029,logout,2023-06-05 18:13:00,2023-06-05,18,P003,978.09,False,False,non_checkout_amount_present
U0391,page_view,2023-06-03 19:54:00,2023-06-03,19,P024,1768.77,False,False,non_checkout_amount_present
U0199,profile_update,2023-06-02 13:40:00,2023-06-02,13,P026,,False,True,not_applicable
U0130,add_to_cart,2023-06-05 08:54:00,2023-06-05,8,P022,,False,True,not_applicable
U0047,profile_update,2023-06-03 06:57:00,2023-06-03,6,P020,1516.87,False,False,non_checkout_amount_present
U0375,search,2023-06-05 20:55:00,2023-06-05,20,P006,,False,True,not_applicable
U0068,logout,2023-06-05 23:33:00,2023-06-05,23,P019,,False,True,not_applicable
U0042,login,2023-06-04 20:10:00,2023-06-04,20,P017,2518.82,False,False,non_checkout_amount_present
U0335,checkout,2023-06-02 03:14:00,2023-06-02,3,P011,,True,True,missing_checkout_amount
U0363,wishlist_add,2023-06-02 23:47:00,2023-06-02,23,P026,1455.21,False,False,non_checkout_amount_present
U0062,login,2023-06-03 15:47:00,2023-06-03,15,P015,251.52,False,False,non_checkout_amount_present
U0266,login,2023-06-03 00:59:00,2023-06-03,0,P014,,False,True,not_applicable
U0328,login,2023-06-06 11:06:00,2023-06-06,11,P018,1381.65,False,False,non_checkout_amount_present
U0155,add_to_cart,2023-06-02 20:59:00,2023-06-02,20,P022,,False,True,not_applicable
U0289,checkout,2023-06-06 08:12:00,2023-06-06,8,P016,2931.22,True,False,valid_checkout_amount
U0161,login,2023-06-02 08:36:00,2023-06-02,8,P009,,False,True,not_applicable
U0218,add_to_cart,2023-06-02 19:03:00,2023-06-02,19,P014,1928.19,False,False,non_checkout_amount_present
U0254,wishlist_add,2023-06-06 04:37:00,2023-06-06,4,P004,2155.67,False,False,non_checkout_amount_present
U0265,search,2023-06-03 11:32:00,2023-06-03,11,P006,,False,True,not_applicable
U0328,wishlist_add,2023-06-04 05:40:00,2023-06-04,5,P016,,False,True,not_applicable
U0177,page_view,2023-06-01 23:58:00,2023-06-01,23,P021,1972.53,False,False,non_checkout_amount_present
U0183,add_to_cart,2023-06-05 23:41:00,2023-06-05,23,P018,,False,True,not_applicable
U0396,add_to_cart,2023-06-05 21:14:00,2023-06-05,21,P013,716.61,False,False,non_checkout_amount_present
U0108,profile_update,2023-06-05 12:19:00,2023-06-05,12,P019,2508.07,False,False,non_checkout_amount_present
U0128,wishlist_add,2023-06-02 01:55:00,2023-06-02,1,P024,,False,True,not_applicable
U0170,wishlist_add,2023-06-03 01:01:00,2023-06-03,1,P025,,False,True,not_applicable
U0074,add_to_cart,2023-06-02 16:32:00,2023-06-02,16,P021,,False,True,not_applicable
U0342,profile_update,2023-06-05 02:36:00,2023-06-05,2,P023,,False,True,not_applicable
U0223,search,2023-06-03 15:16:00,2023-06-03,15,P007,,False,True,not_applicable
U0033,profile_update,2023-06-03 14:04:00,2023-06-03,14,P029,1796.2,False,False,non_checkout_amount_present
U0219,search,2023-06-06 06:47:00,2023-06-06,6,P014,,False,True,not_applicable
U0240,profile_update,2023-06-04 01:59:00,2023-06-04,1,P023,925.81,False,False,non_checkout_amount_present
U0256,profile_update,2023-06-04 12:07:00,2023-06-04,12,P002,,False,True,not_applicable
U0031,page_view,2023-06-04 05:42:00,2023-06-04,5,P021,,False,True,not_applicable
U0039,wishlist_add,2023-06-06 13:46:00,2023-06-06,13,P013,,False,True,not_applicable
U0221,checkout,2023-06-06 09:33:00,2023-06-06,9,P027,1223.77,True,False,valid_checkout_amount
U0249,search,2023-06-04 22:27:00,2023-06-04,22,P006,2809.9,False,False,non_checkout_amount_present
U0177,logout,2023-06-05 15:08:00,2023-06-05,15,P023,,False,True,not_applicable
U0082,wishlist_add,2023-06-04 16:54:00,2023-06-04,16,P021,,False,True,not_applicable
U0264,add_to_cart,2023-06-02 03:50:00,2023-06-02,3,P030,1256.37,False,False,non_checkout_amount_present
U0171,search,2023-06-04 04:36:00,2023-06-04,4,P024,1113.29,False,False,non_checkout_amount_present
U0244,page_view,2023-06-06 18:35:00,2023-06-06,18,P006,2076.13,False,False,non_checkout_amount_present
U0225,login,2023-06-06 08:59:00,2023-06-06,8,P021,,False,True,not_applicable
U0314,login,2023-06-02 08:25:00,2023-06-02,8,P009,2030.35,False,False,non_checkout_amount_present
U0021,add_to_cart,2023-06-03 18:16:00,2023-06-03,18,P011,2597.9,False,False,non_checkout_amount_present
U0031,login,2023-06-03 08:23:00,2023-06-03,8,P015,1022.92,False,False,non_checkout_amount_present
U0096,logout,2023-06-04 02:10:00,2023-06-04,2,P015,,False,True,not_applicable
U0310,logout,2023-06-04 22:12:00,2023-06-04,22,P020,,False,True,not_applicable
U0363,logout,2023-06-02 17:25:00,2023-06-02,17,P027,,False,True,not_applicable
U0363,login,2023-06-03 13:36:00,2023-06-03,13,P029,,False,True,not_applicable
U0264,login,2023-06-03 11:01:00,2023-06-03,11,P014,,False,True,not_applicable
U0333,logout,2023-06-02 19:13:00,2023-06-02,19,P021,,False,True,not_applicable
U0334,logout,2023-06-03 18:45:00,2023-06-03,18,P008,550.55,False,False,non_checkout_amount_present
U0057,login,2023-06-01 20:53:00,2023-06-01,20,P028,2258.88,False,False,non_checkout_amount_present
U0269,add_to_cart,2023-06-04 09:07:00,2023-06-04,9,P030,970.64,False,False,non_checkout_amount_present
U0286,login,2023-06-06 16:03:00,2023-06-06,16,P027,,False,True,not_applicable
U0094,page_view,2023-06-05 12:22:00,2023-06-05,12,P019,,False,True,not_applicable
U0224,search,2023-06-03 22:15:00,2023-06-03,22,P001,,False,True,not_applicable
U0010,profile_update,2023-06-06 13:25:00,2023-06-06,13,P008,1592.02,False,False,non_checkout_amount_present
U0286,logout,2023-06-01 10:18:00,2023-06-01,10,P010,,False,True,not_applicable
U0234,wishlist_add,2023-06-01 21:17:00,2023-06-01,21,P026,947.3,False,False,non_checkout_amount_present
U0008,search,2023-06-02 19:55:00,2023-06-02,19,P005,,False,True,not_applicable
U0207,page_view,2023-06-04 23:31:00,2023-06-04,23,P016,,False,True,not_applicable
U0141,page_view,2023-06-03 07:39:00,2023-06-03,7,P029,,False,True,not_applicable
U0153,page_view,2023-06-04 16:48:00,2023-06-04,16,P005,868.8,False,False,non_checkout_amount_present
U0388,checkout,2023-06-03 08:36:00,2023-06-03,8,P017,,True,True,missing_checkout_amount
U0064,checkout,2023-06-03 05:35:00,2023-06-03,5,P021,200.64,True,False,valid_checkout_amount
U0363,add_to_cart,2023-06-02 12:35:00,2023-06-02,12,P029,1935.07,False,False,non_checkout_amount_present
U0072,add_to_cart,2023-06-05 08:55:00,2023-06-05,8,P014,,False,True,not_applicable
U0336,add_to_cart,2023-06-03 22:19:00,2023-06-03,22,P023,,False,True,not_applicable
U0173,add_to_cart,2023-06-03 21:59:00,2023-06-03,21,P013,,False,True,not_applicable
U0092,search,2023-06-04 07:53:00,2023-06-04,7,P012,1410.02,False,False,non_checkout_amount_present
U0020,wishlist_add,2023-06-03 21:28:00,2023-06-03,21,P013,2702.66,False,False,non_checkout_amount_present
U0387,add_to_cart,2023-06-06 19:38:00,2023-06-06,19,P016,2891.19,False,False,non_checkout_amount_present
U0326,add_to_cart,2023-06-06 17:08:00,2023-06-06,17,P008,1639.71,False,False,non_checkout_amount_present
U0274,login,2023-06-03 20:43:00,2023-06-03,20,P007,1203.88,False,False,non_checkout_amount_present
U0192,logout,2023-06-05 06:13:00,2023-06-05,6,P021,2706.11,False,False,non_checkout_amount_present
U0003,add_to_cart,2023-06-06 07:07:00,2023-06-06,7,P012,,False,True,not_applicable
U0225,logout,2023-06-03 07:27:00,2023-06-03,7,P021,2084.73,False,False,non_checkout_amount_present
U0025,search,2023-06-01 11:47:00,2023-06-01,11,P024,1693.49,False,False,non_checkout_amount_present
U0385,profile_update,2023-06-05 19:19:00,2023-06-05,19,P009,2856.32,False,False,non_checkout_amount_present
U0178,checkout,2023-06-03 19:41:00,2023-06-03,19,P004,,True,True,missing_checkout_amount
U0283,page_view,2023-06-05 21:21:00,2023-06-05,21,P025,,False,True,not_applicable
U0214,checkout,2023-06-02 12:34:00,2023-06-02,12,P013,715.52,True,False,valid_checkout_amount
U0119,login,2023-06-04 22:24:00,2023-06-04,22,P021,,False,True,not_applicable
U0049,search,2023-06-04 17:59:00,2023-06-04,17,P021,2538.58,False,False,non_checkout_amount_present
U0194,profile_update,2023-06-02 15:42:00,2023-06-02,15,P023,,False,True,not_applicable
U0286,page_view,2023-06-06 10:16:00,2023-06-06,10,P015,,False,True,not_applicable
U0061,logout,2023-06-02 00:02:00,2023-06-02,0,P021,,False,True,not_applicable
U0062,add_to_cart,2023-06-04 18:10:00,2023-06-04,18,P017,,False,True,not_applicable
U0347,wishlist_add,2023-06-01 16:07:00,2023-06-01,16,P016,,False,True,not_applicable
U0230,login,2023-06-05 19:02:00,2023-06-05,19,P005,,False,True,not_applicable
U0212,profile_update,2023-06-04 12:45:00,2023-06-04,12,P001,,False,True,not_applicable
U0129,add_to_cart,2023-06-02 14:57:00,2023-06-02,14,P002,,False,True,not_applicable
U0308,search,2023-06-01 18:23:00,2023-06-01,18,P005,221.26,False,False,non_checkout_amount_present
U0237,search,2023-06-06 11:19:00,2023-06-06,11,P020,,False,True,not_applicable
U0016,wishlist_add,2023-06-01 11:35:00,2023-06-01,11,P011,696.44,False,False,non_checkout_amount_present
U0281,wishlist_add,2023-06-05 06:20:00,2023-06-05,6,P001,606.69,False,False,non_checkout_amount_present
U0098,profile_update,2023-06-05 13:44:00,2023-06-05,13,P020,,False,True,not_applicable
U0274,logout,2023-06-01 16:39:00,2023-06-01,16,P016,,False,True,not_applicable
U0026,profile_update,2023-06-03 00:45:00,2023-06-03,0,P001,,False,True,not_applicable
U0346,add_to_cart,2023-06-02 03:56:00,2023-06-02,3,P016,,False,True,not_applicable
U0087,login,2023-06-04 02:35:00,2023-06-04,2,P001,1377.8,False,False,non_checkout_amount_present
U0148,add_to_cart,2023-06-02 18:17:00,2023-06-02,18,P011,1953.64,False,False,non_checkout_amount_present
U0046,checkout,2023-06-02 19:05:00,2023-06-02,19,P026,,True,True,missing_checkout_amount
U0013,page_view,2023-06-04 23:01:00,2023-06-04,23,P026,,False,True,not_applicable
U0326,add_to_cart,2023-06-02 06:50:00,2023-06-02,6,P010,620.48,False,False,non_checkout_amount_present
U0392,wishlist_add,2023-06-02 18:51:00,2023-06-02,18,P023,1577.26,False,False,non_checkout_amount_present
U0172,profile_update,2023-06-05 14:33:00,2023-06-05,14,P027,,False,True,not_applicable
U0095,login,2023-06-02 20:56:00,2023-06-02,20,P019,284.82,False,False,non_checkout_amount_present
U0225,add_to_cart,2023-06-04 13:15:00,2023-06-04,13,P022,,False,True,not_applicable
U0236,login,2023-06-06 02:11:00,2023-06-06,2,P001,1683.35,False,False,non_checkout_amount_present
U0269,add_to_cart,2023-06-04 06:16:00,2023-06-04,6,P010,,False,True,not_applicable
U0300,wishlist_add,2023-06-01 12:19:00,2023-06-01,12,P015,2724.6,False,False,non_checkout_amount_present
U0188,add_to_cart,2023-06-06 02:01:00,2023-06-06,2,P016,,False,True,not_applicable
U0131,add_to_cart,2023-06-01 16:55:00,2023-06-01,16,P024,,False,True,not_applicable
U0274,login,2023-06-02 18:25:00,2023-06-02,18,P018,1323.72,False,False,non_checkout_amount_present
U0396,profile_update,2023-06-01 12:33:00,2023-06-01,12,P027,1801.37,False,False,non_checkout_amount_present
U0199,page_view,2023-06-04 16:19:00,2023-06-04,16,P026,2822.06,False,False,non_checkout_amount_present
U0069,login,2023-06-06 14:22:00,2023-06-06,14,P013,969.95,False,False,non_checkout_amount_present
U0315,checkout,2023-06-04 22:21:00,2023-06-04,22,P028,,True,True,missing_checkout_amount
U0168,checkout,2023-06-02 06:12:00,2023-06-02,6,P023,2266.0,True,False,valid_checkout_amount
U0385,page_view,2023-06-04 10:26:00,2023-06-04,10,P001,385.12,False,False,non_checkout_amount_present
U0317,add_to_cart,2023-06-04 14:00:00,2023-06-04,14,P012,,False,True,not_applicable
U0159,logout,2023-06-05 02:00:00,2023-06-05,2,P007,2783.7,False,False,non_checkout_amount_present
U0221,page_view,2023-06-02 06:09:00,2023-06-02,6,P018,949.57,False,False,non_checkout_amount_present
U0262,logout,2023-06-04 00:22:00,2023-06-04,0,P002,,False,True,not_applicable
U0034,logout,2023-06-01 16:33:00,2023-06-01,16,P020,2419.18,False,False,non_checkout_amount_present
U0078,checkout,2023-06-03 05:34:00,2023-06-03,5,P027,2394.98,True,False,valid_checkout_amount
U0253,checkout,2023-06-03 05:56:00,2023-06-03,5,P030,,True,True,missing_checkout_amount
U0157,profile_update,2023-06-05 10:30:00,2023-06-05,10,P006,,False,True,not_applicable
U0153,add_to_cart,2023-06-06 05:39:00,2023-06-06,5,P029,1088.64,False,False,non_checkout_amount_present
U0007,login,2023-06-05 12:50:00,2023-06-05,12,P003,,False,True,not_applicable
U0122,checkout,2023-06-04 17:10:00,2023-06-04,17,P007,2749.51,True,False,valid_checkout_amount
U0117,checkout,2023-06-01 13:46:00,2023-06-01,13,P011,370.37,True,False,valid_checkout_amount
U0222,search,2023-06-05 20:47:00,2023-06-05,20,P018,,False,True,not_applicable
U0337,logout,2023-06-01 13:28:00,2023-06-01,13,P002,833.02,False,False,non_checkout_amount_present
U0108,checkout,2023-06-04 03:16:00,2023-06-04,3,P006,2876.98,True,False,valid_checkout_amount
U0079,login,2023-06-02 19:58:00,2023-06-02,19,P027,,False,True,not_applicable
U0106,search,2023-06-02 08:46:00,2023-06-02,8,P003,545.85,False,False,non_checkout_amount_present
U0113,page_view,2023-06-03 00:21:00,2023-06-03,0,P005,,False,True,not_applicable
U0166,add_to_cart,2023-06-06 01:04:00,2023-06-06,1,P017,2986.18,False,False,non_checkout_amount_present
U0321,page_view,2023-06-01 21:55:00,2023-06-01,21,P004,,False,True,not_applicable
U0101,wishlist_add,2023-06-04 14:48:00,2023-06-04,14,P024,,False,True,not_applicable
U0173,profile_update,2023-06-04 07:02:00,2023-06-04,7,P029,1880.75,False,False,non_checkout_amount_present
U0271,login,2023-06-01 15:38:00,2023-06-01,15,P003,397.23,False,False,non_checkout_amount_present
U0066,profile_update,2023-06-04 20:59:00,2023-06-04,20,P004,1742.9,False,False,non_checkout_amount_present
U0353,checkout,2023-06-03 04:20:00,2023-06-03,4,P012,326.69,True,False,valid_checkout_amount
U0385,logout,2023-06-03 15:07:00,2023-06-03,15,P012,985.98,False,False,non_checkout_amount_present
U0161,login,2023-06-02 22:18:00,2023-06-02,22,P028,,False,True,not_applicable
U0077,add_to_cart,2023-06-05 11:26:00,2023-06-05,11,P007,,False,True,not_applicable
U0079,login,2023-06-02 02:17:00,2023-06-02,2,P029,,False,True,not_applicable
U0291,wishlist_add,2023-06-02 18:43:00,2023-06-02,18,P008,2903.22,False,False,non_checkout_amount_present
U0094,profile_update,2023-06-05 04:46:00,2023-06-05,4,P022,1202.38,False,False,non_checkout_amount_present
U0152,checkout,2023-06-06 09:38:00,2023-06-06,9,P016,,True,True,missing_checkout_amount
U0178,profile_update,2023-06-02 05:27:00,2023-06-02,5,P017,,False,True,not_applicable
U0391,page_view,2023-06-03 04:00:00,2023-06-03,4,P026,2884.82,False,False,non_checkout_amount_present
U0033,page_view,2023-06-05 15:45:00,2023-06-05,15,P026,,False,True,not_applicable
U0254,checkout,2023-06-06 03:51:00,2023-06-06,3,P011,2356.84,True,False,valid_checkout_amount
U0326,checkout,2023-06-01 12:14:00,2023-06-01,12,P027,2924.43,True,False,valid_checkout_amount
U0172,logout,2023-06-03 09:08:00,2023-06-03,9,P028,,False,True,not_applicable
U0097,checkout,2023-06-05 15:57:00,2023-06-05,15,P005,2035.15,True,False,valid_checkout_amount
U0222,logout,2023-06-05 10:11:00,2023-06-05,10,P005,,False,True,not_applicable
U0022,page_view,2023-06-05 23:36:00,2023-06-05,23,P025,,False,True,not_applicable
U0167,add_to_cart,2023-06-01 21:20:00,2023-06-01,21,P009,,False,True,not_applicable
U0084,page_view,2023-06-01 22:53:00,2023-06-01,22,P026,1328.55,False,False,non_checkout_amount_present
U0043,search,2023-06-04 08:22:00,2023-06-04,8,P017,,False,True,not_applicable
U0021,wishlist_add,2023-06-04 03:20:00,2023-06-04,3,P028,,False,True,not_applicable
U0182,login,2023-06-06 14:29:00,2023-06-06,14,P019,1285.57,False,False,non_checkout_amount_present
U0294,search,2023-06-02 18:34:00,2023-06-02,18,P025,2045.87,False,False,non_checkout_amount_present
U0361,logout,2023-06-05 09:53:00,2023-06-05,9,P030,2123.55,False,False,non_checkout_amount_present
U0288,login,2023-06-04 11:31:00,2023-06-04,11,P015,1826.97,False,False,non_checkout_amount_present
U0024,wishlist_add,2023-06-05 03:15:00,2023-06-05,3,P013,1574.13,False,False,non_checkout_amount_present
U0133,wishlist_add,2023-06-03 23:25:00,2023-06-03,23,P004,2444.1,False,False,non_checkout_amount_present
U0317,wishlist_add,2023-06-01 16:50:00,2023-06-01,16,P012,2448.46,False,False,non_checkout_amount_present
U0192,logout,2023-06-02 18:00:00,2023-06-02,18,P030,1177.03,False,False,non_checkout_amount_present
U0343,checkout,2023-06-02 22:53:00,2023-06-02,22,P008,1312.67,True,False,valid_checkout_amount
U0242,checkout,2023-06-05 20:47:00,2023-06-05,20,P001,345.62,True,False,valid_checkout_amount
U0250,login,2023-06-06 10:17:00,2023-06-06,10,P008,,False,True,not_applicable
U0309,wishlist_add,2023-06-01 08:21:00,2023-06-01,8,P024,1164.96,False,False,non_checkout_amount_present
U0293,search,2023-06-05 22:48:00,2023-06-05,22,P002,1338.2,False,False,non_checkout_amount_present
U0127,wishlist_add,2023-06-05 02:25:00,2023-06-05,2,P015,1105.18,False,False,non_checkout_amount_present
U0400,search,2023-06-04 19:14:00,2023-06-04,19,P017,,False,True,not_applicable
U0367,checkout,2023-06-01 12:34:00,2023-06-01,12,P015,,True,True,missing_checkout_amount
U0065,search,2023-06-06 00:40:00,2023-06-06,0,P021,,False,True,not_applicable
U0260,logout,2023-06-03 02:38:00,2023-06-03,2,P007,,False,True,not_applicable
U0377,add_to_cart,2023-06-05 03:38:00,2023-06-05,3,P029,,False,True,not_applicable
U0023,wishlist_add,2023-06-02 13:37:00,2023-06-02,13,P018,,False,True,not_applicable
U0304,checkout,2023-06-05 08:10:00,2023-06-05,8,P026,2278.08,True,False,valid_checkout_amount
U0003,wishlist_add,2023-06-05 19:31:00,2023-06-05,19,P017,604.81,False,False,non_checkout_amount_present
U0131,logout,2023-06-05 09:29:00,2023-06-05,9,P021,,False,True,not_applicable
U0003,wishlist_add,2023-06-06 12:48:00,2023-06-06,12,P020,723.44,False,False,non_checkout_amount_present
U0175,logout,2023-06-04 10:28:00,2023-06-04,10,P022,2290.87,False,False,non_checkout_amount_present
U0064,page_view,2023-06-03 17:29:00,2023-06-03,17,P008,,False,True,not_applicable
U0017,page_view,2023-06-06 13:39:00,2023-06-06,13,P006,520.41,False,False,non_checkout_amount_present
U0319,wishlist_add,2023-06-03 10:40:00,2023-06-03,10,P002,,False,True,not_applicable
U0336,wishlist_add,2023-06-05 22:19:00,2023-06-05,22,P004,1135.28,False,False,non_checkout_amount_present
U0083,search,2023-06-04 16:59:00,2023-06-04,16,P027,295.11,False,False,non_checkout_amount_present
U0387,search,2023-06-06 00:19:00,2023-06-06,0,P015,358.89,False,False,non_checkout_amount_present
U0312,page_view,2023-06-02 03:47:00,2023-06-02,3,P008,630.74,False,False,non_checkout_amount_present
U0274,wishlist_add,2023-06-03 20:13:00,2023-06-03,20,P009,1141.76,False,False,non_checkout_amount_present
U0230,profile_update,2023-06-02 08:19:00,2023-06-02,8,P004,2377.22,False,False,non_checkout_amount_present
U0078,page_view,2023-06-03 08:48:00,2023-06-03,8,P024,2270.34,False,False,non_checkout_amount_present
U0212,search,2023-06-04 05:01:00,2023-06-04,5,P024,,False,True,not_applicable
U0107,login,2023-06-03 00:10:00,2023-06-03,0,P018,,False,True,not_applicable
U0036,search,2023-06-04 08:35:00,2023-06-04,8,P007,511.72,False,False,non_checkout_amount_present
U0360,wishlist_add,2023-06-06 08:01:00,2023-06-06,8,P023,,False,True,not_applicable
U0187,add_to_cart,2023-06-03 18:14:00,2023-06-03,18,P020,1248.97,False,False,non_checkout_amount_present
U0344,login,2023-06-04 00:35:00,2023-06-04,0,P003,,False,True,not_applicable
U0140,search,2023-06-06 18:35:00,2023-06-06,18,P026,2210.12,False,False,non_checkout_amount_present
U0299,add_to_cart,2023-06-04 08:00:00,2023-06-04,8,P006,,False,True,not_applicable
U0369,login,2023-06-01 09:00:00,2023-06-01,9,P016,,False,True,not_applicable
U0080,logout,2023-06-02 05:03:00,2023-06-02,5,P001,,False,True,not_applicable
U0125,checkout,2023-06-06 13:01:00,2023-06-06,13,P013,,True,True,missing_checkout_amount
U0020,search,2023-06-06 09:39:00,2023-06-06,9,P010,,False,True,not_applicable
U0071,add_to_cart,2023-06-06 16:12:00,2023-06-06,16,P027,2470.15,False,False,non_checkout_amount_present
U0328,login,2023-06-02 07:12:00,2023-06-02,7,P001,,False,True,not_applicable
U0024,wishlist_add,2023-06-01 08:32:00,2023-06-01,8,P016,2528.57,False,False,non_checkout_amount_present
U0294,login,2023-06-04 00:10:00,2023-06-04,0,P014,,False,True,not_applicable
U0022,login,2023-06-06 00:51:00,2023-06-06,0,P016,2997.38,False,False,non_checkout_amount_present
U0152,login,2023-06-02 22:47:00,2023-06-02,22,P001,940.4,False,False,non_checkout_amount_present
U0001,search,2023-06-05 08:01:00,2023-06-05,8,P011,,False,True,not_applicable
U0154,add_to_cart,2023-06-03 13:35:00,2023-06-03,13,P004,2314.23,False,False,non_checkout_amount_present
U0093,checkout,2023-06-02 05:22:00,2023-06-02,5,P019,2611.08,True,False,valid_checkout_amount
U0347,search,2023-06-02 05:41:00,2023-06-02,5,P008,1428.02,False,False,non_checkout_amount_present
U0387,profile_update,2023-06-05 02:09:00,2023-06-05,2,P005,206.14,False,False,non_checkout_amount_present
U0014,search,2023-06-05 07:54:00,2023-06-05,7,P021,974.24,False,False,non_checkout_amount_present
U0313,page_view,2023-06-04 05:57:00,2023-06-04,5,P001,929.3,False,False,non_checkout_amount_present
U0020,profile_update,2023-06-05 08:01:00,2023-06-05,8,P007,1610.78,False,False,non_checkout_amount_present
U0280,login,2023-06-03 06:08:00,2023-06-03,6,P021,,False,True,not_applicable
U0196,wishlist_add,2023-06-01 08:57:00,2023-06-01,8,P023,,False,True,not_applicable
U0236,logout,2023-06-02 03:03:00,2023-06-02,3,P006,606.14,False,False,non_checkout_amount_present
U0339,add_to_cart,2023-06-01 20:03:00,2023-06-01,20,P021,2369.21,False,False,non_checkout_amount_present
U0299,add_to_cart,2023-06-05 09:48:00,2023-06-05,9,P013,1207.09,False,False,non_checkout_amount_present
U0010,search,2023-06-03 03:23:00,2023-06-03,3,P020,2751.06,False,False,non_checkout_amount_present
U0148,page_view,2023-06-04 03:28:00,2023-06-04,3,P009,1588.91,False,False,non_checkout_amount_present
U0090,profile_update,2023-06-05 11:20:00,2023-06-05,11,P002,,False,True,not_applicable
U0393,checkout,2023-06-02 02:07:00,2023-06-02,2,P004,,True,True,missing_checkout_amount
U0045,page_view,2023-06-04 18:01:00,2023-06-04,18,P007,,False,True,not_applicable
U0075,page_view,2023-06-03 12:38:00,2023-06-03,12,P005,2418.76,False,False,non_checkout_amount_present
U0260,add_to_cart,2023-06-02 17:37:00,2023-06-02,17,P007,811.63,False,False,non_checkout_amount_present
U0305,wishlist_add,2023-06-04 03:04:00,2023-06-04,3,P008,830.57,False,False,non_checkout_amount_present
U0332,login,2023-06-02 02:08:00,2023-06-02,2,P003,925.7,False,False,non_checkout_amount_present
U0385,page_view,2023-06-04 09:57:00,2023-06-04,9,P002,1186.19,False,False,non_checkout_amount_present
U0183,wishlist_add,2023-06-04 18:26:00,2023-06-04,18,P006,2093.4,False,False,non_checkout_amount_present
U0261,login,2023-06-03 07:58:00,2023-06-03,7,P023,989.25,False,False,non_checkout_amount_present
U0359,logout,2023-06-02 06:16:00,2023-06-02,6,P016,1426.39,False,False,non_checkout_amount_present
U0127,search,2023-06-01 09:10:00,2023-06-01,9,P026,,False,True,not_applicable
U0115,search,2023-06-06 08:34:00,2023-06-06,8,P002,,False,True,not_applicable
U0043,page_view,2023-06-04 22:44:00,2023-06-04,22,P030,,False,True,not_applicable
U0036,logout,2023-06-05 07:18:00,2023-06-05,7,P029,,False,True,not_applicable
U0043,login,2023-06-06 14:59:00,2023-06-06,14,P023,,False,True,not_applicable
U0318,profile_update,2023-06-02 22:07:00,2023-06-02,22,P010,,False,True,not_applicable
U0119,login,2023-06-05 18:00:00,2023-06-05,18,P026,,False,True,not_applicable
U0342,login,2023-06-04 23:02:00,2023-06-04,23,P010,,False,True,not_applicable
U0206,profile_update,2023-06-01 15:41:00,2023-06-01,15,P009,1759.62,False,False,non_checkout_amount_present
U0187,page_view,2023-06-01 16:10:00,2023-06-01,16,P009,,False,True,not_applicable
U0210,profile_update,2023-06-03 17:25:00,2023-06-03,17,P007,2905.83,False,False,non_checkout_amount_present
U0222,wishlist_add,2023-06-04 01:56:00,2023-06-04,1,P008,,False,True,not_applicable
U0237,checkout,2023-06-03 23:15:00,2023-06-03,23,P018,,True,True,missing_checkout_amount
U0192,wishlist_add,2023-06-06 14:20:00,2023-06-06,14,P002,,False,True,not_applicable
U0290,logout,2023-06-06 02:24:00,2023-06-06,2,P007,,False,True,not_applicable
U0031,login,2023-06-03 05:44:00,2023-06-03,5,P001,1534.47,False,False,non_checkout_amount_present
U0386,login,2023-06-05 19:53:00,2023-06-05,19,P003,,False,True,not_applicable
U0236,page_view,2023-06-05 06:33:00,2023-06-05,6,P005,1621.69,False,False,non_checkout_amount_present
U0113,profile_update,2023-06-03 09:08:00,2023-06-03,9,P015,717.14,False,False,non_checkout_amount_present
U0034,profile_update,2023-06-04 02:17:00,2023-06-04,2,P012,,False,True,not_applicable
U0333,login,2023-06-03 01:54:00,2023-06-03,1,P018,,False,True,not_applicable
U0261,wishlist_add,2023-06-01 18:28:00,2023-06-01,18,P021,2272.97,False,False,non_checkout_amount_present
U0041,profile_update,2023-06-06 15:58:00,2023-06-06,15,P024,,False,True,not_applicable
U0309,checkout,2023-06-01 19:15:00,2023-06-01,19,P013,2614.28,True,False,valid_checkout_amount
U0260,profile_update,2023-06-02 17:14:00,2023-06-02,17,P026,307.93,False,False,non_checkout_amount_present
U0101,profile_update,2023-06-04 03:51:00,2023-06-04,3,P017,,False,True,not_applicable
U0119,search,2023-06-02 16:50:00,2023-06-02,16,P025,2305.5,False,False,non_checkout_amount_present
U0384,profile_update,2023-06-03 19:11:00,2023-06-03,19,P012,,False,True,not_applicable
U0009,search,2023-06-06 12:01:00,2023-06-06,12,P020,640.59,False,False,non_checkout_amount_present
U0051,profile_update,2023-06-03 22:54:00,2023-06-03,22,P023,1133.27,False,False,non_checkout_amount_present
U0373,page_view,2023-06-03 04:46:00,2023-06-03,4,P030,,False,True,not_applicable
U0356,search,2023-06-03 02:20:00,2023-06-03,2,P020,,False,True,not_applicable
U0300,add_to_cart,2023-06-02 22:31:00,2023-06-02,22,P029,,False,True,not_applicable
U0354,checkout,2023-06-05 04:54:00,2023-06-05,4,P009,,True,True,missing_checkout_amount
U0023,page_view,2023-06-02 05:47:00,2023-06-02,5,P004,,False,True,not_applicable
U0367,checkout,2023-06-05 03:26:00,2023-06-05,3,P015,,True,True,missing_checkout_amount
U0048,logout,2023-06-02 13:23:00,2023-06-02,13,P016,2332.96,False,False,non_checkout_amount_present
U0131,checkout,2023-06-01 23:19:00,2023-06-01,23,P006,,True,True,missing_checkout_amount
U0080,profile_update,2023-06-02 21:16:00,2023-06-02,21,P010,,False,True,not_applicable
U0382,logout,2023-06-02 21:20:00,2023-06-02,21,P021,,False,True,not_applicable
U0276,add_to_cart,2023-06-03 18:37:00,2023-06-03,18,P026,399.21,False,False,non_checkout_amount_present
U0040,page_view,2023-06-02 11:58:00,2023-06-02,11,P012,,False,True,not_applicable
U0048,logout,2023-06-02 17:49:00,2023-06-02,17,P018,102.23,False,False,non_checkout_amount_present
U0287,page_view,2023-06-02 12:26:00,2023-06-02,12,P017,,False,True,not_applicable
U0233,checkout,2023-06-05 11:06:00,2023-06-05,11,P025,,True,True,missing_checkout_amount
U0377,checkout,2023-06-03 07:57:00,2023-06-03,7,P025,2821.12,True,False,valid_checkout_amount
U0292,search,2023-06-01 23:13:00,2023-06-01,23,P019,1560.85,False,False,non_checkout_amount_present
U0286,search,2023-06-01 21:42:00,2023-06-01,21,P028,,False,True,not_applicable
U0212,search,2023-06-06 13:54:00,2023-06-06,13,P008,477.67,False,False,non_checkout_amount_present
U0028,checkout,2023-06-05 13:01:00,2023-06-05,13,P022,,True,True,missing_checkout_amount
U0289,search,2023-06-04 19:13:00,2023-06-04,19,P017,1979.27,False,False,non_checkout_amount_present
U0144,profile_update,2023-06-03 22:28:00,2023-06-03,22,P021,2874.62,False,False,non_checkout_amount_present
U0348,page_view,2023-06-04 05:37:00,2023-06-04,5,P001,2156.83,False,False,non_checkout_amount_present
U0333,wishlist_add,2023-06-03 19:23:00,2023-06-03,19,P026,,False,True,not_applicable
U0181,profile_update,2023-06-05 21:44:00,2023-06-05,21,P023,860.8,False,False,non_checkout_amount_present
U0242,logout,2023-06-04 17:15:00,2023-06-04,17,P017,2923.68,False,False,non_checkout_amount_present
U0318,wishlist_add,2023-06-03 16:06:00,2023-06-03,16,P011,787.61,False,False,non_checkout_amount_present
U0223,checkout,2023-06-01 14:31:00,2023-06-01,14,P015,1759.74,True,False,valid_checkout_amount
U0323,logout,2023-06-06 11:35:00,2023-06-06,11,P013,944.67,False,False,non_checkout_amount_present
U0276,profile_update,2023-06-03 08:14:00,2023-06-03,8,P004,,False,True,not_applicable
U0329,logout,2023-06-04 08:08:00,2023-06-04,8,P002,720.37,False,False,non_checkout_amount_present
U0351,search,2023-06-02 21:58:00,2023-06-02,21,P017,,False,True,not_applicable
U0179,search,2023-06-05 17:56:00,2023-06-05,17,P030,309.46,False,False,non_checkout_amount_present
U0339,add_to_cart,2023-06-04 20:11:00,2023-06-04,20,P023,,False,True,not_applicable
U0030,wishlist_add,2023-06-02 12:19:00,2023-06-02,12,P002,,False,True,not_applicable
U0376,login,2023-06-06 09:30:00,2023-06-06,9,P009,2762.25,False,False,non_checkout_amount_present
U0391,checkout,2023-06-04 14:50:00,2023-06-04,14,P015,1687.7,True,False,valid_checkout_amount
U0400,login,2023-06-03 09:26:00,2023-06-03,9,P003,,False,True,not_applicable
U0163,logout,2023-06-02 17:04:00,2023-06-02,17,P029,,False,True,not_applicable
U0272,add_to_cart,2023-06-05 03:11:00,2023-06-05,3,P002,728.84,False,False,non_checkout_amount_present
U0164,wishlist_add,2023-06-06 17:53:00,2023-06-06,17,P030,,False,True,not_applicable
U0154,add_to_cart,2023-06-02 02:45:00,2023-06-02,2,P021,,False,True,not_applicable
U0257,login,2023-06-05 17:07:00,2023-06-05,17,P009,1729.26,False,False,non_checkout_amount_present
U0012,search,2023-06-05 20:28:00,2023-06-05,20,P021,,False,True,not_applicable
U0253,logout,2023-06-02 22:00:00,2023-06-02,22,P007,1637.07,False,False,non_checkout_amount_present
U0222,page_view,2023-06-04 21:15:00,2023-06-04,21,P030,2854.36,False,False,non_checkout_amount_present
U0257,checkout,2023-06-01 13:13:00,2023-06-01,13,P002,,True,True,missing_checkout_amount
U0360,wishlist_add,2023-06-05 08:59:00,2023-06-05,8,P001,,False,True,not_applicable
U0036,checkout,2023-06-06 05:17:00,2023-06-06,5,P002,,True,True,missing_checkout_amount
U0104,checkout,2023-06-05 11:14:00,2023-06-05,11,P021,,True,True,missing_checkout_amount
U0116,checkout,2023-06-06 09:39:00,2023-06-06,9,P004,2395.71,True,False,valid_checkout_amount
U0051,checkout,2023-06-03 09:42:00,2023-06-03,9,P007,,True,True,missing_checkout_amount
U0324,add_to_cart,2023-06-05 09:50:00,2023-06-05,9,P023,,False,True,not_applicable
U0361,add_to_cart,2023-06-04 18:07:00,2023-06-04,18,P015,2389.34,False,False,non_checkout_amount_present
U0304,add_to_cart,2023-06-06 01:14:00,2023-06-06,1,P009,103.77,False,False,non_checkout_amount_present
U0276,search,2023-06-04 02:23:00,2023-06-04,2,P025,,False,True,not_applicable
U0343,search,2023-06-03 06:41:00,2023-06-03,6,P024,,False,True,not_applicable
U0027,search,2023-06-04 13:53:00,2023-06-04,13,P008,729.04,False,False,non_checkout_amount_present
U0244,wishlist_add,2023-06-03 21:45:00,2023-06-03,21,P017,,False,True,not_applicable
